id,title,author,total_rating,number_of_rating,publisher,cover_type,page_count,categories
1,Tư Vấn Bảo Hiểm - Những Kỹ Năng Không Ai Nói Với Bạn (Tập 3),"Lê Minh,",4.8,23,Nhà Xuất Bản Tổng hợp Đà Nẵng,Bìa mềm,228,['bao-hiem']
2,"Tư Vấn Bảo Hiểm - Những Kỹ Năng Không Ai Nói Với Bạn (Tập 1,2,3)","Lê Minh,",4.8,26,Nhà Xuất Bản Đà Nẵng,Bìa mềm,,['bao-hiem']
3,Đừng Bán Bảo Hiểm Hãy Trao Giải Pháp - Sách Gối Đầu Dành Cho Tư Vấn Bảo Hiểm Nhân Thọ (Tái Bản 2020),Pilot Nguyễn,0.0,0,Nhà Xuất Bản Tổng hợp TP.HCM,,,['bao-hiem']
4,Nghệ Thuật Tư Vấn Bảo Hiểm Nhân Thọ,Đặng Đình Chính,3.7,26,Nhà Xuất Bản Lao Động,Bìa mềm,160,['bao-hiem']
5,Tập 2 - Những Kỹ Năng Không Ai Nói Với Bạn Trong Nghề Tư Vấn Bảo Hiểm,Lê Minh,5.0,98,Nhà Xuất Bản Tổng hợp Đà Nẵng,Bìa cứng,288,['bao-hiem']
6,"Tư Vấn Bảo Hiểm - Những Kỹ Năng Không Ai Nói Với Bạn (Tập 2,3)","Lê Minh,",5.0,9,Nhà Xuất Bản Đà Nẵng,Bìa mềm,,['bao-hiem']
7,Tư Vấn Bảo Hiểm - Những Kỹ Năng Không Ai Nói Với Bạn (Tập 2),"Lê Minh,",5.0,5,Nhà Xuất Bản Đà Nẵng,Bìa mềm,306,['bao-hiem']
8,"Tư Vấn Bảo Hiểm - Những Kỹ Năng Không Ai Nói Với Bạn (Tập 1,2)",Lê Minh,4.9,109,Nhà Xuất Bản Tổng hợp Đà Nẵng,Bìa cứng,,['bao-hiem']
9,Tư Vấn Bảo Hiểm - Những Kỹ Năng Không Ai Nói Với Bạn (Tập 4),Lê Minh,4.8,6,Nhà Xuất Bản Tổng hợp Đà Nẵng,Bìa mềm,196,['bao-hiem']
10,Tư Vấn Bảo Hiểm - Những Kỹ Năng Không Ai Nói Với Bạn (Tập 1),,4.7,265,Nhà Xuất Bản Đà Nẵng,Bìa mềm,196,['bao-hiem']
11,Tư Vấn Bảo Hiểm - Những Kỹ Năng Không Ai Nói Với Bạn (Trọn Bộ 4 Tập),Lê Minh,4.8,15,Nhà Xuất Bản Tổng hợp Đà Nẵng,Bìa mềm,,['bao-hiem']
12,Đừng Bán Bảo Hiểm Hãy Trao Giải Pháp,Pilot Nguyễn,4.7,200,Nhà Xuất Bản Tổng hợp TP.HCM,Bìa mềm,248,['bao-hiem']
13,Sự Bùng Nổ Của Trung Quốc,,5.0,1,Nhà Xuất Bản Chính Trị Quốc Gia Sự Thật,Bìa mềm,288,['chinh-sach-kinh-te-phat-trien']
14,BERTELSMANN – Ẩn mình trong trụ sở nhỏ bé nhưng vẫn là hoàng đế của vũ trụ truyền thông - Mandy Tröger và Jörg Becker,,0.0,0,Nhà Xuất Bản Đà Nẵng,Bìa mềm,280,['chinh-sach-kinh-te-phat-trien']
15,bìa cứng - Kinh tế đối ngoại Thăng Long - Hà Nội - Tủ sách 1000 năm Thăng Long - Hà Nội,,0.0,0,Nhà Xuất Bản Hà Nội,Bìa cứng,645,['chinh-sach-kinh-te-phat-trien']
16,Sách Phân Tích Kinh Tế Hay: Doanh Nghiệp Của Thế Kỷ 21,,0.0,0,NXB Trẻ,,,['chinh-sach-kinh-te-phat-trien']
17,Doanh Nghiệp Với Lộ Trình Tiếp Cận Cách Mạng Công Nghiệp 4.0,TS Hà Minh Hiệp,0.0,0,Nhà Xuất Bản Chính Trị Quốc Gia Sự Thật,,,['chinh-sach-kinh-te-phat-trien']
18,Địa Lý Kinh Tế - Xã Hội Châu Á,,4.8,4,Nhà Xuất Bản Giáo Dục Việt Nam,Bìa mềm,330,['chinh-sach-kinh-te-phat-trien']
19,Quan hệ Việt Nam - Trung Quốc giai đoạn 2017 -2022 : Những điều chỉnh chính sách của Trung Quốc và hàm ý đối với Việt Nam,,0.0,0,Nhà Xuất Bản Chính Trị Quốc Gia Sự Thật,Bìa mềm,276,['chinh-sach-kinh-te-phat-trien']
20,Định Vị - Cuộc Chiến Giành Tâm Trí Khách Hàng (Tái Bản Mới Nhất) - Bản Quyền,,0.0,0,Nhà Xuất Bản Công Thương,,,['chinh-sach-kinh-te-phat-trien']
21,Trạm Đọc Official |  Sách - Định Vị,"Al Ries, Jack Trout",5.0,20,Nhà Xuất Bản Công Thương,Bìa mềm,352,['chinh-sach-kinh-te-phat-trien']
22,Lịch Sử Thế Giới Qua 100 Hiện Vật - Bản Quyền,Neil Macgregor,0.0,0,Nhà Xuất Bản Tri Thức,Bìa mềm,720,['chinh-sach-kinh-te-phat-trien']
23,"Chiến Lược Kinh Doanh Quốc Tế: Thực Tiễn Của Việt Nam, Châu Á Và Thế Giới",Vũ Anh Dũng,3.0,1,,Bìa mềm,440,['chinh-sach-kinh-te-phat-trien']
24,Định Vị ( Tái bản),,0.0,0,Nhà Xuất Bản Công Thương,,,['chinh-sach-kinh-te-phat-trien']
25,SINH TỒN CỦA ĐÔ THỊ - SỐNG VÀ PHÁT TRIỂN RỰC RỠ TRONG THỜI KỲ BIỆT LẬP,,0.0,0,Nhà Xuất Bản Phụ Nữ Việt Nam,Bìa mềm,395,['chinh-sach-kinh-te-phat-trien']
26,Điều Hành Chính Sách Tiền Tệ Của Ngân Hàng Trung Ương (Chuyên Khảo),,0.0,0,Nhà Xuất Bản Lao Động,Bìa mềm,267,['chinh-sach-kinh-te-phat-trien']
27,Dầu Và Máu - Mohammed Bin Salman Và Tham Vọng Tái Thiết Kinh Tế Ả-Rập - Bản Quyền,Bradley Hope,0.0,0,Nhà Xuất Bản Thế Giới,Bìa cứng,378,['chinh-sach-kinh-te-phat-trien']
28,Những ngộ nhận về xây dựng và thương hiệu - Xóa bỏ hiểu nhầm và trở thành chuyên gia thương hiệu,"Simon Bailey,",0.0,0,Nhà Xuất Bản Công Thương,Bìa mềm,332,['chinh-sach-kinh-te-phat-trien']
29,Lịch sử CHỮ QUỐC NGỮ (1615-1919) - Bản Quyền,Phạm Thị Kiều Ly,0.0,0,Nhà Xuất Bản Văn Học,Bìa mềm,432,['chinh-sach-kinh-te-phat-trien']
30,Sách - Định Vị (Tái Bản 2020),,0.0,0,Nhà Xuất Bản Công Thương,,352,['chinh-sach-kinh-te-phat-trien']
31,TENCENT – Quyền lực của giao tiếp và kết nối trong thúc đẩy nền kinh tế - Min Tang,,0.0,0,Nhà Xuất Bản Hà Nội,Bìa mềm,336,['chinh-sach-kinh-te-phat-trien']
32,VIVENDI – Quyền lực của sáng tạo nội dung và định hình thẩm mỹ trong văn hóa giải trí toàn cầu - Philippe Bouquillion,,0.0,0,Nhà Xuất Bản Đà Nẵng,Bìa mềm,336,['chinh-sach-kinh-te-phat-trien']
33,Nền Kinh Tế Di Động Của Trung Quốc - Những Cơ Hội Từ Sự Bùng Nổ Tiêu Dùng Thông Tin Lớn Nhất Và Nhanh Nhất,Winston Ma,0.0,0,Nhà Xuất Bản Chính Trị Quốc Gia Sự Thật,,,['chinh-sach-kinh-te-phat-trien']
34,Sơn Nam Lịch Sử Khẩn Hoang Miền Nam - Bản Quyền,Sơn Nam,0.0,0,NXB Trẻ,Bìa mềm,348,['chinh-sach-kinh-te-phat-trien']
35,The Silk Roads - Những Con Đường Tơ Lụa - Bản Quyền,Peter Frankopan,0.0,0,Nhà Xuất Bản Thế Giới,Bìa mềm,128,['chinh-sach-kinh-te-phat-trien']
36,Không Gian Số Hóa,,0.0,0,Nhà Xuất Bản Giáo Dục Việt Nam,,,['chinh-sach-kinh-te-phat-trien']
37,Biển Đông trong “chính sách hướng Á” của Australia từ góc nhìn cường quốc tầm trung,,0.0,0,Nhà Xuất Bản Văn Hóa - Văn Nghệ TP.HCM,Bìa mềm,364,['chinh-sach-kinh-te-phat-trien']
38,SINH TỒN CỦA ĐÔ THỊ -,,0.0,0,Nhà Xuất Bản Đà Nẵng,,,['chinh-sach-kinh-te-phat-trien']
39,NINTENDO – Cuộc chơi quyền lực và sự xâm nhập của thế giới ảo - Randy Nichols,,0.0,0,Nhà Xuất Bản Đà Nẵng,Bìa mềm,290,['chinh-sach-kinh-te-phat-trien']
40,"Từ Beirut Đến Jerusalem : Hành Trình ""Đi Để Hiểu"" Trung Đông Của Một Nhà Báo Mỹ - Bản Quyền",Thomas Friedman,0.0,0,Nhà Xuất Bản Thế Giới,Bìa cứng,768,['chinh-sach-kinh-te-phat-trien']
41,Ý Tưởng Lớn Bạn Thực Sự Cần Biết - Bản Quyền,Ben Dupré,0.0,0,Nhà Xuất Bản Thế Giới,Bìa mềm,316,['chinh-sach-kinh-te-phat-trien']
42,Định Vị (Tái Bản) (Tặng kèm Tickbook),"Jack Trout,",0.0,0,Nhà Xuất Bản Công Thương,Bìa mềm,352,['chinh-sach-kinh-te-phat-trien']
43,ALIBABA – Sự tương tác phức tạp giữa nhà nước và vốn tư bản trong bối cảnh Trung Quốc vươn ra toàn cầu,,0.0,0,Nhà Xuất Bản Hà Nội,Bìa mềm,200,['chinh-sach-kinh-te-phat-trien']
44,Định Vị (Tái Bản 2018),"Al Ries,",5.0,2,Nhà Xuất Bản Công Thương,Bìa mềm,352,['chinh-sach-kinh-te-phat-trien']
45,Viện Thông Tin Khoa Học Xã Hội 35 Năm Xây Dựng Và Phát Triển,,0.0,0,Nhà Xuất Bản Khoa Học Xã Hội,,,['chinh-sach-kinh-te-phat-trien']
46,Câu Chuyện Nhân Loại: Một lược sử sống động về Loài Người - Bản Quyền,Hendrik Willem van Loon,0.0,0,Nhà Xuất Bản Lao Động,Bìa mềm,484,['chinh-sach-kinh-te-phat-trien']
47,Vietnamese Art - Bản Quyền,Nhiều tác giả,0.0,0,Nhà Xuất Bản Kim Đồng,Bìa mềm,184,['chinh-sach-kinh-te-phat-trien']
48,Kinh Tế Nhật Bản,Trần Văn Thọ,0.0,0,Nhà Xuất Bản Đà Nẵng,Bìa mềm,292,['chinh-sach-kinh-te-phat-trien']
49,Sách - ASEAN Diệu kỳ - Vì Một Cộng Đồng Asean Phát Triển Bền Vững Và Thịnh Vượng - Thái Hà Books,,0.0,0,Nhà Xuất Bản Thế Giới,Bìa mềm,,['chinh-sach-kinh-te-phat-trien']
50,Tự do kinh tế - Đòn bẩy phát triển Việt Nam,Trần Lê Anh,2.0,1,Nhà Xuất Bản Tri Thức,Bìa mềm,292,['chinh-sach-kinh-te-phat-trien']
51,(Bìa cứng) CÁCH MẠNG CÔNG NGHIỆP LẦN THỨ TƯ - Klaus Schwab – Bộ ngoại giao dịch – Thái Hà Books,,0.0,0,Nhà Xuất Bản Chính Trị Quốc Gia Sự Thật,Bìa mềm,,['chinh-sach-kinh-te-phat-trien']
52,"Phát Huy Giá Trị Biển, Đảo Việt Nam Hướng Tới Nền Kinh Tế Biển Xanh Và Bền Vững - PGS. TS. Nguyễn Chu Hồi",,0.0,0,Nhà Xuất Bản Chính Trị Quốc Gia Sự Thật,Bìa mềm,408,['chinh-sach-kinh-te-phat-trien']
53,Ủ Phân Hữu Cơ (for Dummies),"Cathy Cromell,",4.7,93,Nhà Xuất Bản Công Thương,Bìa mềm,300,['khoa-hoc-ky-thuat']
54,Hướng dẫn thiết kế lắp đặt mạng điện dân dụng (tái bản),"Nguyễn Trọng Thắng, Trần Thề San",4.3,63,Nhà Xuất Bản Khoa học và Kỹ thuật,Bìa mềm,224,['khoa-hoc-ky-thuat']
55,Hệ Thống Điện - Điện Tử Trên Ô Tô Đời Mới (Phần Cơ Bản),,4.6,10,Nhà Xuất Bản Thanh Niên,Bìa mềm,424,['khoa-hoc-ky-thuat']
56,Hướng Dẫn Đọc Sơ Đồ Mạch Điện,Trần Thế San - Tăng Văn Mùi,4.5,158,Nhà Xuất Bản Khoa học và Kỹ thuật,Bìa mềm,135,['khoa-hoc-ky-thuat']
57,Kỹ Thuật Chẩn Đoán Lỗi Và Sửa Chữa Ô Tô,,4.8,62,Nhà Xuất Bản Hà Nội,Bìa mềm,220,['khoa-hoc-ky-thuat']
58,Cơ Thể Tự Chữa Lành - Giải Cứu Não - Tác Giả Anthony William (HH),Anthony William,0.0,0,Nhà Xuất Bản Thanh Niên,Bìa mềm,,['khoa-hoc-ky-thuat']
59,Khoa Học Khám Phá - Mật Mã - Từ Cổ Điển Đến Lượng Tử (Tái Bản),Simon Singh,4.9,103,NXB Trẻ,Bìa mềm,552,['khoa-hoc-ky-thuat']
60,PLC Lập Trình Ứng Dụng Trong Công Nghiệp (tái bản),Trần Thế San - Nguyễn Ngọc Phương,4.4,30,Nhà Xuất Bản Khoa học và Kỹ thuật,Bìa mềm,128,['khoa-hoc-ky-thuat']
61,Hướng Dẫn Tự Lắp Ráp 100 Mạch Điện - Điện Tử,Châu Ngọc Thạch - Trịnh Xuân Thu,4.2,94,Nhà Xuất Bản Khoa học và Kỹ thuật,Bìa mềm,211,['khoa-hoc-ky-thuat']
62,Sổ Tay Chuyên Ngành Điện,,4.0,1,Nhà Xuất Bản Khoa học và Kỹ thuật,Bìa mềm,224,['khoa-hoc-ky-thuat']
63,Kỹ Thuật Thi Công - Tập 1 (Tái bản năm 2020),,0.0,0,Nhà Xuất Bản Xây Dựng,,,['khoa-hoc-ky-thuat']
64,Huyễn Tưởng Về Trí Tuệ Nhân Tạo,Gary Smith,4.5,19,Nhà Xuất Bản Thế Giới,Bìa mềm,420,['khoa-hoc-ky-thuat']
65,Xử Lý Nước Thải (Wastewater Treatment) - Tập 2,"GS. TS. NGND. Trần Hiếu Nhuệ,",4.8,38,Nhà Xuất Bản Xây Dựng,Bìa mềm,300,['khoa-hoc-ky-thuat']
66,Điện Công Nghiệp Và Điều Khiển Động Cơ,"Nguyễn Trọng Thắng, Trần Thề San",4.8,93,Nhà Xuất Bản Khoa học và Kỹ thuật,Bìa mềm,286,['khoa-hoc-ky-thuat']
67,Khoa Học Khám Phá - Vũ Trụ Toàn Ảnh,Michael Talbot,5.0,1,NXB Trẻ,Bìa mềm,516,['khoa-hoc-ky-thuat']
68,Thiết Kế Mạch Và Lập Trình PLC,Trần Thế San - Nguyễn Ngọc Phương,4.7,40,Nhà Xuất Bản Khoa học và Kỹ thuật,Bìa mềm,230,['khoa-hoc-ky-thuat']
69,Toán Học - Một Thiên Tiểu Thuyết,Mickaël Launay,4.8,471,Nhà Xuất Bản Thế Giới,Bìa mềm,332,['khoa-hoc-ky-thuat']
70,Giáo Trình Vi Điều Khiển ARM. Hướng Dẫn Sử Dụng STM32,.,4.8,27,Nhà Xuất Bản Thanh Niên,Bìa mềm,440,['khoa-hoc-ky-thuat']
71,Sổ Tay Chuyên Ngành Hàn,Trần Thế San - Tăng Văn Mùi,4.5,17,Nhà Xuất Bản Khoa học và Kỹ thuật,Bìa mềm,271,['khoa-hoc-ky-thuat']
72,Thời Đại AI Và Tương Lai Loài Người Chúng Ta,,5.0,1,NXB Trẻ,Bìa gập,220,['khoa-hoc-ky-thuat']
73,Chiếc Thìa Biến Mất,Sam Kean,4.9,73,Nhà Xuất Bản Thế Giới,Bìa mềm,404,['khoa-hoc-ky-thuat']
74,Sách - OPTIMAL DESIGN METHODS - Các Phương Pháp Thiết Kế Tối Ưu- NXB XÂY DỰNG- Bìa Mềm- Tặng Kèm Sổ Tay Xương Rồng,,0.0,0,Nhà Xuất Bản Xây Dựng,Bìa mềm,216,['khoa-hoc-ky-thuat']
75,Tần Số Rung Động - Quyền Năng Tiến Hóa Của Linh Hồn,Penney Peirce,0.0,0,Nhà Xuất Bản Hà Nội,Bìa mềm,432,['khoa-hoc-ky-thuat']
76,CƠ HỌC LƯỢNG TỬ & THUYẾT TƯƠNG ĐỐI – Hai trụ cột của vật lý hiện đại – GS Phạm Xuân Yêm - Nxb Tri Thức (Bìa mềm),,5.0,1,Nhà Xuất Bản Tri Thức,Bìa mềm,490,['khoa-hoc-ky-thuat']
77,Thiết Kế Kết Cấu Bê Tông Cốt Thép Theo Tiêu Chuẩn Eurocode - Cơ Sở Lý Thuyết Và Ví Dụ Áp Dụng,PGS.TS. Bùi Quốc Bảo,4.7,46,Nhà Xuất Bản Xây Dựng,Bìa mềm,212,['khoa-hoc-ky-thuat']
78,Hệ Thống Điều Khiển Tự Động Khí Nén,Nguyễn Ngọc Phương - Nguyễn Trường Thịnh,4.4,16,Nhà Xuất Bản Khoa học và Kỹ thuật,Bìa mềm,287,['khoa-hoc-ky-thuat']
79,Hệ Thống Nhiệt và Điều Hoà Trên Xe Hơi Đời Mới tb,Trần Thế San - Trần Duy Nam,4.7,9,Nhà Xuất Bản Khoa học và Kỹ thuật,Bìa mềm,232,['khoa-hoc-ky-thuat']
80,Trí Tuệ Nhân Tạo Học Máy Và Ứng Dụng ( Tặng sổ tay),"Nguyễn Tất Bảo Thiện,",4.2,6,Nhà Xuất Bản Thanh Niên,Bìa mềm,432,['khoa-hoc-ky-thuat']
81,Các Thế Giới Song Song (Tái Bản 2018),Michio Kaku,4.9,76,,Bìa mềm,480,['khoa-hoc-ky-thuat']
82,Mở Khóa Vũ Trụ - Unlocking The Universe,"Stephen Hawking,",0.0,0,Nhà Xuất Bản Thế Giới,,,['khoa-hoc-ky-thuat']
83,Luật Tâm Thức - Tập 2 - Vũ Trụ Nhất Nguyên Luận - Bìa Cứng,...,4.2,5,Đang cập nhật,Bìa cứng,,['khoa-hoc-ky-thuat']
84,Mô Hình Đất Nền Địa Kỹ Thuật Ứng Dụng Trong Plaxis Software - Tập 1,Trà Thanh Phương,4.8,4,Nhà Xuất Bản Xây Dựng,Bìa mềm,180,['khoa-hoc-ky-thuat']
85,Mô Hình Đất Nền Địa Kỹ Thuật Ứng Dụng Trong Plaxis Software - Tập 1 ( Tặng sổ tay xương rồng ),Trà Thanh Phương,4.0,1,Nhà Xuất Bản Xây Dựng,Bìa mềm,180,['khoa-hoc-ky-thuat']
86,Sổ Tay Thực Hành Kết Cấu Công Trình,,4.6,36,Nhà Xuất Bản Xây Dựng,,,['khoa-hoc-ky-thuat']
87,Chế Độ Cắt Gia Công Cơ Khí,,0.0,0,Nhà Xuất Bản Khoa học và Kỹ thuật,Bìa mềm,256,['khoa-hoc-ky-thuat']
88,Thiết Kế Liên Kết Trong Kết Cấu Thép Theo Tiêu Chuẩn Mỹ AISC/LRFD 360-16,"Trần Văn Phúc,",4.8,42,Nhà Xuất Bản Xây Dựng,Bìa mềm,192,['khoa-hoc-ky-thuat']
89,Tủ Sách Nhất Nghệ Tinh - Chuyên Ngành Kỹ Thuật Chất Dẻo,Nhiều tác giả,4.8,40,NXB Trẻ,Bìa mềm,652,['khoa-hoc-ky-thuat']
90,Toán học kỳ thú: Những điều bạn chưa biết về toán học (Đỗ Minh Triết) - Bản Quyền,,0.0,0,Nhà Xuất Bản Thế Giới,,,['khoa-hoc-ky-thuat']
91,Thiết Kế Kiến Trúc Cảnh Quan Khu Ở,,4.4,9,Nhà Xuất Bản Xây Dựng,,,['khoa-hoc-ky-thuat']
92,Lỗ Đen: Các Bài Diễn Thuyết Trên Đài,Stephen Hawking,4.8,162,NXB Trẻ,Bìa mềm,76,['khoa-hoc-ky-thuat']
93,Sổ Tay Lập Trình CNC,Trần Thế San - Nguyễn Ngọc Phương,4.7,52,Nhà Xuất Bản Khoa học và Kỹ thuật,Bìa mềm,456,['khoa-hoc-ky-thuat']
94,Sàn BêTông Cốt Thép Toàn Khối (Tái bản),,4.8,5,Nhà Xuất Bản Xây Dựng,Bìa mềm,164,['khoa-hoc-ky-thuat']
95,Đầu tư phát triển bất động sản và quản lý dự án đầu tư xây dựng,,4.7,3,Nhà Xuất Bản Tài Chính,Bìa mềm,340,['khoa-hoc-ky-thuat']
96,Mở khóa vũ trụ (Unlocking the Universe) (Stephen Hawking & Lucy Hawking)  - Bản Quyền,,0.0,0,Nhà Xuất Bản Thế Giới,,,['khoa-hoc-ky-thuat']
97,Cuốn Sách Hay Về Kiến Thức Y Học- Giải Mã Hoóc-Môn Dopamin,,0.0,0,Nhà Xuất Bản Thế Giới,,,['khoa-hoc-ky-thuat']
98,"Đô Thị Thông Minh, Tương Lai Xán Lạn: Bản Trình Diễn Về Tương Lai",Trần Thị Mỹ Duyên,4.8,21,NXB Trẻ,Bìa mềm,346,['khoa-hoc-ky-thuat']
99,Phương Pháp Nghiên Cứu Khoa Học,"Nguyễn Đăng Bình,",4.8,8,Nhà Xuất Bản Khoa học và Kỹ thuật,Bìa mềm,160,['khoa-hoc-ky-thuat']
100,Quản Lý Dự Án Trong Giai Đoạn Xây Dựng,"Đinh Tuấn Hải,",0.0,0,,Bìa mềm,398,['khoa-hoc-ky-thuat']
101,Kỹ Thuật Quấn Dây,,4.6,27,Nhà Xuất Bản Khoa học và Kỹ thuật,Bìa mềm,208,['khoa-hoc-ky-thuat']
102,HỆ THỐNG THUỶ LỰC TRÊN MÁY CÔNG NGHIỆP,,5.0,1,Nhà Xuất Bản Khoa học và Kỹ thuật,Bìa mềm,192,['khoa-hoc-ky-thuat']
103,"50 THỦ THUẬT TOÁN ( 50 math tricks ) - cuốn sách như giáo trình tập gym cho não bộ - Á Châu Books, Bìa mềm",nhieu tac gia,0.0,0,Nhà Xuất Bản Lao Động,Bìa mềm,208,['khoa-hoc-ky-thuat']
104,"Kỹ Thuật Nuôi Gà, Ngan, Vịt",,5.0,4,Nhà Xuất Bản Hà Nội,Bìa mềm tay gấp,204,['khoa-hoc-ky-thuat']
105,HƯỚNG DẪN THIẾT KẾ LẮP RÁP ROBOT ( Từ các linh kiện thông dụng),Trần Thế San - Nguyễn Ngọc Phương,4.7,25,Nhà Xuất Bản Khoa học và Kỹ thuật,Bìa mềm,312,['khoa-hoc-ky-thuat']
106,Tính Toán Thiết Kế Nhà Cao Tầng Theo TCVN Và Tiêu Chuẩn Châu Âu (Eurocode),ThS. Đặng Tỉnh,5.0,3,Nhà Xuất Bản Xây Dựng,Bìa mềm,226,['khoa-hoc-ky-thuat']
107,Viết Lại Luật Chơi,Gary Hamel C. K. Prahalad,4.5,11,Nhà Xuất Bản Lao Động - Xã Hội,Bìa mềm,500,['kinh-te-vi-mo']
108,Hướng dẫn giảI bài tập kinh tế vĩ mô (14),,0.0,0,Nhà Xuất Bản Đại Học Kinh Tế Quốc Dân,,,['kinh-te-vi-mo']
109,Kinh Tế Vĩ Mô Của Nền Kinh Tế Mở - PGS.TS. Nguyễn Văn Dần,,4.0,1,Nhà Xuất Bản Tài Chính,Bìa mềm,258,['kinh-te-vi-mo']
110,"Thúc Đẩy Hợp Tác Tiểu Vùng Mê Kông - Hướng Tới Tăng Trưởng Bền Vững, Bao Trùm (Sách chuyên khảo) - Thượng tướng, PGS.TS. Nguyễn Văn Thành, TS. Bùi Thanh Tuấn đồng chủ biên",,0.0,0,Nhà Xuất Bản Chính Trị Quốc Gia Sự Thật,Bìa mềm,428,['kinh-te-vi-mo']
111,Tài Chính Vi Mô - Phát Triển - Hiệu Quả - Bền Vững,TS Hà Văn Dương,0.0,0,Nhà Xuất Bản Kinh Tế TPHCM,,,['kinh-te-vi-mo']
112,"Sách Hoảng loạn, hỗn loạn và cuồng loạn - Alphabooks - BẢN QUYỀN",,0.0,0,Nhà Xuất Bản Tri Thức,,,['kinh-te-vi-mo']
113,Chip War - Cuộc Chiến Vi Mạch - Bìa Cứng,Chris Miller,0.0,0,Nhà Xuất Bản Thế Giới,Bìa cứng,480,['kinh-te-vi-mo']
114,"Thị Trường, Nhà Nước Và Người Dân - Kinh Tế Học Về Chính Sách Công - Diane Coyle - (bìa mềm)",Diane Coyle,0.0,0,Nhà Xuất Bản Chính Trị Quốc Gia Sự Thật,Bìa mềm,487,['kinh-te-vi-mo']
115,BẮT KỊP KINH TẾ VÀ NHẢY VỌT CÔNG NGHỆ - Con đường phát triển và ổn định kinh tế vĩ mô ở Hà.n Q.u.ốc – Keum Lee – Nguyễn Thị Thu Hường dịch – NXB Chính Trị Quốc Gia Sự Thật (bìa mềm),,0.0,0,Nhà Xuất Bản Chính Trị Quốc Gia Sự Thật,Bìa mềm,623,['kinh-te-vi-mo']
116,Kinh Tế Học Trần Trụi,Thomas Armstrong,0.0,0,Nhà Xuất Bản Công Thương,Bìa mềm,456,['kinh-te-vi-mo']
117,Kinh Tế Vĩ Mô - Macroeconomic - KT,,0.0,0,Nhà Xuất Bản Kinh Tế TPHCM,,,['kinh-te-vi-mo']
118,Sách - Câu hỏi - Bài Tập - Trắc Nghiệm Kinh Tế Vi Mô Tái Bản Lần Thứ XV (có sửa chữa và bổ sung),nhieu tac gia,0.0,0,Nhà Xuất Bản Kinh Tế TPHCM,Bìa mềm,297,['kinh-te-vi-mo']
119,Sách - Combo Kinh Tế Vi Mô Tái Bản Lần Thứ XIII và Câu hỏi - Bài Tập - Trắc Nghiệm Kinh Tế Vi Mô Tái Bản Lần Thứ XV,nhieu tac gia,5.0,1,Nhà Xuất Bản Kinh Tế TPHCM,,534,['kinh-te-vi-mo']
120,Sách - Kinh tế vĩ mô,,0.0,0,Nhà Xuất Bản Kinh Tế TPHCM,Bìa mềm,244,['kinh-te-vi-mo']
121,Bắt kịp kinh tế và nhảy vọt công nghệ: Con đường phát triển và ổn định kinh tế vĩ mô ở Hàn Quốc,,0.0,0,Nhà Xuất Bản Chính Trị Quốc Gia Sự Thật,Bìa mềm,624,['kinh-te-vi-mo']
122,Combo Kinh Tế Vĩ Mô - Macroeconomic + Bất Ổn Kinh Tế Vĩ Mô Ở Việt Nam (Bộ 2 Cuốn) _KT,PGS.TS. Nguyễn Minh Tuấn - ThS. Trần Nguyễn Minh Ái,0.0,0,Nhà Xuất Bản Kinh Tế TPHCM,Bìa mềm,,['kinh-te-vi-mo']
123,NỀN KINH TẾ DI ĐỘNG CỦA TRUNG QUỐC: Những cơ hội từ sự bùng nổ tiêu dùng thông tin lớn nhất và nhanh nhất - Winston Ma - NXB Chính trị Quốc gia Sự thật,,0.0,0,Nhà Xuất Bản Chính Trị Quốc Gia Sự Thật,Bìa mềm,479,['kinh-te-vi-mo']
124,Bắt Kịp Kinh Tế Và Nhảy Vọt Công Nghệ - Con đường phát triển và ổn định kinh tế vĩ mô ở Hàn Quốc - Keun Lee (Chủ biên) - Nguyễn Thị Thu Hường dịch - (bìa mềm),Keun Lee,0.0,0,Nhà Xuất Bản Chính Trị Quốc Gia Sự Thật,Bìa mềm,624,['kinh-te-vi-mo']
125,"Giáo trình ""Nguyên lý Kinh tế học vĩ mô"" (dùng cho sv các trường ĐH, CĐ khối kinh tế)",,0.0,0,Nhà Xuất Bản Giáo Dục Việt Nam,,,['kinh-te-vi-mo']
126,Chấm Dứt Thời Đại Trung Quốc Hàng Nhái,Shaun Rein,0.0,0,Nhà Xuất Bản Tri Thức,Bìa mềm,321,['kinh-te-vi-mo']
127,Hackers IELTS Basic- Speaking,Hackers,5.0,2,Nhà Xuất Bản Thế Giới,Bìa mềm,304,['luyen-thi-ielts']
128,Marvellous Techniques For IELTS Writing,Kirk Kenny,4.8,170,Nhà Xuất Bản Tổng hợp TP.HCM,Bìa mềm,241,['luyen-thi-ielts']
129,IELTS SAMPLE Writing Task 1-2 Tuyển tập câu trả lời mẫu hay nhất,Bùi Hồng Linh,4.8,12,Nhà Xuất Bản Hà Nội,Bìa mềm,161,['luyen-thi-ielts']
130,How To Crack The Ielts Writing Test - Vol. 1 (Tái Bản),"Đặng Trần Tùng,",4.9,68,Nhà Xuất Bản Thế Giới,Bìa mềm,312,['luyen-thi-ielts']
131,Barron's Essential Words For The Ielts (Tái Bản),Dr. Lin Lougheed,0.0,0,Nhà Xuất Bản Tổng hợp TP.HCM,Bìa mềm,381,['luyen-thi-ielts']
132,Check Your English Vocabulary For Ielts,Rawdon Wyatt,4.7,9,Nhà Xuất Bản Thế Giới,Bìa mềm,276,['luyen-thi-ielts']
133,Từ Vựng IELTS 8.0 - Từ Vựng Đắt Để Đạt Điểm Cao 4 Kỹ Năng,Lê Thu Hà,4.9,507,Nhà Xuất Bản Hà Nội,Bìa mềm,204,['luyen-thi-ielts']
134,Collins Writing For IELTS – 2nd Edition,Anneli Williams,4.9,133,Nhà Xuất Bản Tổng hợp TP.HCM,Bìa mềm,144,['luyen-thi-ielts']
135,Hackers IELTS Basic- Listening,Hackers,4.0,1,Nhà Xuất Bản Thế Giới,Bìa mềm,448,['luyen-thi-ielts']
136,Hackers IELTS Basic- Writing,Hackers,4.7,9,Nhà Xuất Bản Thế Giới,Bìa mềm,340,['luyen-thi-ielts']
137,IELTS Key Writing - Công Thức Học Nhanh IELTS - Writing Task 2,Ngô Huy Tú,4.7,70,Nhà Xuất Bản Đại Học Quốc Gia Hà Nội,Bìa mềm,224,['luyen-thi-ielts']
138,How To Crack The IELTS Speaking Test - Part 1 ( Tặng Kèm Bookmark Tuyệt Đẹp ),Đặng Trần Tùng,5.0,1,,Bìa mềm,,['luyen-thi-ielts']
139,Combo Collins Grammar For IELTS (Kèm CD) và Collins English For Exams - Vocabulary For IELTS (Kèm file MP3) ( Tặng Kèm Viết ),,4.7,135,Nhà Xuất Bản Tổng hợp TP.HCM,Bìa mềm,170,['luyen-thi-ielts']
140,IELTS Cấp Tốc - 20 Ngày Writing - Bộ Sách IELTS Đầu Tiên Giúp Bạn Giảm 2/3 Thời Gian Ôn Thi,,0.0,0,Nhà Xuất Bản Hà Nội,Bìa mềm,172,['luyen-thi-ielts']
141,Cambridge IELTS 12 Academic,,4.9,163,,Bìa mềm,136,['luyen-thi-ielts']
142,Combo 4 Cuốn: Bộ Hackers IELTS Basic,Hackers,4.8,148,Nhà Xuất Bản Thế Giới,Bìa mềm,1500,['luyen-thi-ielts']
143,Trạm Đọc Official | Combo 2 Cuốn Hackers IELTS : Hackers IELTS Listening + Hackers IELTS Reading,Viện ngôn ngữ Hackers,4.9,42,Nhà Xuất Bản Thế Giới,Bìa mềm,,['luyen-thi-ielts']
144,"Sách 1001 Từ vựng tiếng Anh thông dụng cho kỳ thi Vstep (B1), IELTS (band 4.5), TOEIC 450, B1 Preliminary (PET), Aptis và cho học sinh trung học cơ sở, trung học phổ thông",Vũ Thị Lê Vy,5.0,25,Nhà Xuất Bản Đại Học Quốc Gia Hà Nội,Bìa mềm,300,['luyen-thi-ielts']
145,A Holistic Approach To IELTS Writing,Vũ Hải,4.9,204,Nhà Xuất Bản Đại Học Kinh Tế Quốc Dân,Bìa mềm,268,['luyen-thi-ielts']
146,Collins Grammar For IELTS (Kèm CD Hoặc File MP3) - Tái Bản,Collins,4.7,398,Nhà Xuất Bản Tổng hợp TP.HCM,Bìa mềm,127,['luyen-thi-ielts']
147,Cambridge IELTS 11 Academic,,4.9,128,,Bìa mềm,144,['luyen-thi-ielts']
148,Collins Reading For IELTS – 2nd Edition,"Els Van Geyte,",4.8,138,Nhà Xuất Bản Tổng hợp TP.HCM,Bìa mềm,144,['luyen-thi-ielts']
149,Trạm Đọc Official |  Hackers IELTS Basic Reading,Hackers,5.0,18,Nhà Xuất Bản Thế Giới,Bìa mềm,404,['luyen-thi-ielts']
150,Collins - Listening for IELTS (Quét Mã QR Để Nghe File Mp3),Collins,4.7,149,Nhà Xuất Bản Tổng hợp TP.HCM,Bìa mềm,144,['luyen-thi-ielts']
151,Collins - Get Ready For IELTS - Reading,Els Van Geyte,4.8,202,Nhà Xuất Bản Tổng hợp TP.HCM,Bìa mềm,136,['luyen-thi-ielts']
152,Cambridge IELTS Intensive Training Writing (Không CD),"Foreign Language Teaching,",4.6,35,Nhà Xuất Bản Tổng hợp TP.HCM,Bìa mềm,142,['luyen-thi-ielts']
153,Trạm Đọc Official | Hackers Ielts: Speaking,Viện ngôn ngữ Hackers,4.9,31,Nhà Xuất Bản Thế Giới,Bìa mềm,372,['luyen-thi-ielts']
154,IELTS Key Writing - Công Thức Học Nhanh IELTS Writing Task 1,Ngô Huy Tú,4.8,39,Nhà Xuất Bản Đại Học Quốc Gia Hà Nội,Bìa mềm,132,['luyen-thi-ielts']
155,Ngữ pháp luyện thi IELTS - Grammar for ielts,Kim Ngọc,0.0,0,Nhà Xuất Bản Thanh Hóa,Bìa mềm,280,['luyen-thi-ielts']
156,Collins - Get Ready For IELTS - Speaking,Rhona Snelling,4.7,94,Nhà Xuất Bản Tổng hợp TP.HCM,Bìa mềm,136,['luyen-thi-ielts']
157,Perfect IELTS Vocabulary,William Jang,5.0,2,Nhà Xuất Bản Dân Trí,Bìa mềm,600,['luyen-thi-ielts']
158,Collins Listening For IELTS – 2nd Edition (Kèm CD Hoặc Kèm File MP3),"Fiona Aish,",4.8,94,Nhà Xuất Bản Tổng hợp TP.HCM,Bìa mềm,160,['luyen-thi-ielts']
159,Cambridge IELTS 13 Academic,Cambridge University Press,4.7,165,Cambridge University Press,Bìa mềm,144,['luyen-thi-ielts']
160,IELTS 14 ACADEMIC,Cambridge,4.7,162,Cambridge University Press,Bìa mềm,144,['luyen-thi-ielts']
161,Từ vựng luyện thi IELTS - Vocabulary for Ielts with answers,Kim Ngọc,4.6,152,Thanh Hoá,Bìa mềm,204,['luyen-thi-ielts']
162,Trạm Đọc Official | Hackers Ielts 4 cuốn  ( Listening + Reading + Speaking + Writing ),Viện ngôn ngữ Hackers,5.0,171,Nhà Xuất Bản Thế Giới,Bìa mềm,,['luyen-thi-ielts']
163,"Combo IELTS SAMPLE Writing 1,2 & Speaking 1,2,3 - Tuyển tập câu trả lời mẫu hay nhất","Ma Thế Đức,",4.9,26,Nhà Xuất Bản Hà Nội,Bìa mềm,,['luyen-thi-ielts']
164,Trạm Đọc| Hackers IELTS Basic: Reading + Writing + Speaking + Listening ( Dành cho người mới bắt đầu ),Hackers,0.0,0,Nhà Xuất Bản Thế Giới,Bìa mềm,1500,['luyen-thi-ielts']
165,Perfect Ielts Vocabulary (Tái Bản),William Jang,0.0,0,Nhà Xuất Bản Dân Trí,Bìa mềm,600,['luyen-thi-ielts']
166,Collins - Get Ready For IELTS - Listening,Jane Short,4.5,187,Nhà Xuất Bản Tổng hợp TP.HCM,Bìa mềm,134,['luyen-thi-ielts']
167,How To Crack The IELTS Speaking Test - Part 1 (Tái Bản),Đặng Trần Tùng,5.0,3,Nhà Xuất Bản Thế Giới,Bìa mềm,252,['luyen-thi-ielts']
168,Hackers IELTS: READING,Viện ngôn ngữ Hackers,4.9,17,Nhà Xuất Bản Thế Giới,Bìa mềm,552,['luyen-thi-ielts']
169,Abc Toeic LC (For The Revised Test Format 2019 In Viet Nam) (Kèm file MP3),Lee Soo-yong,4.7,28,Nhà Xuất Bản Tổng hợp TP.HCM,Bìa mềm,312,['luyen-thi-toeic']
170,Hackers Toeic Vocabulary,David Cho,4.9,37,Nhà Xuất Bản Dân Trí,Bìa mềm,556,['luyen-thi-toeic']
171,New Toeic Speaking Coach (CourseBook và Answer Key) (Tái Bản),San Francisco Education Consulting,4.9,31,Nhà Xuất Bản Tổng hợp TP.HCM,Bìa mềm,480,['luyen-thi-toeic']
172,Target Toeic Second Edition (Kèm 6 CD),Anne Taylor,4.3,4,Nhà Xuất Bản Tổng hợp TP.HCM,,,['luyen-thi-toeic']
173,TNT TOEIC - Intensive (Third Edition) (Kèm file MP3),Lori,4.9,40,Nhà Xuất Bản Tổng hợp TP.HCM,Bìa mềm,248,['luyen-thi-toeic']
174,Economy TOEIC RC1000 Volume 2,Kang Jin-Oh - Kang Won-Ki,4.8,30,Nhà Xuất Bản Tổng hợp TP.HCM,Bìa mềm,275,['luyen-thi-toeic']
175,New Economy Toeic Lc 1000 (Kèm file MP3),Lee Ki Taek,4.8,180,Nhà Xuất Bản Tổng hợp TP.HCM,Bìa mềm,216,['luyen-thi-toeic']
176,Economy TOEIC RC1000 Volume 1,Lori,4.8,49,Nhà Xuất Bản Tổng hợp TP.HCM,Bìa mềm,279,['luyen-thi-toeic']
177,Bộ sách Luyện thi NEW TOEIC. Trình độ Sơ - Trung cấp (Very Easy TOEIC 1 + Very Easy TOEIC 2 + TOEIC Upgrade),Nhiều tác giả,4.5,91,Nhà Xuất Bản Tổng hợp TP.HCM,Bìa mềm,250,['luyen-thi-toeic']
178,Tomato Toeic Speaking Flow (Kèm 1CD - ROM + 1 MP3),"John Boswell,",4.8,29,Nhà Xuất Bản Tổng hợp TP.HCM,Bìa mềm,320,['luyen-thi-toeic']
179,Developing Skills For The Toeic Test,"Paul Edmunds,",4.9,19,Nhà Xuất Bản Tổng hợp TP.HCM,,,['luyen-thi-toeic']
180,Sách Very Easy Toeic (Tái Bản) (Không Kèm CD),,5.0,2,Nhà Xuất Bản Compass Publishing,Bìa mềm,260,['luyen-thi-toeic']
181,Very Easy Toeic 1 - Introduction,"Anne Taylor,",4.6,233,Nhà Xuất Bản Compass Publishing,Bìa gập,240,['luyen-thi-toeic']
182,Trạm Đọc Official | Combo Sách Hacker TOEIC : Hackers TOEIC Start Listening + Hackers TOEIC Start Reading,David Cho,4.8,69,Nhà Xuất Bản Dân Trí,Bìa mềm,,['luyen-thi-toeic']
183,Longman New Real TOEIC Full Actual Tests (Kèm CD),Els Van Geyte,4.3,10,Nhà Xuất Bản Tổng hợp TP.HCM,Bìa mềm,287,['luyen-thi-toeic']
184,Very Easy Toeic - Second Edition,Anne Taylor,4.8,5,Nhà Xuất Bản Tổng hợp TP.HCM,,,['luyen-thi-toeic']
185,Trạm Đọc Official | Hackers Toeic Start Reading (30 Phút Tự Học TOEIC Mỗi Ngày),David Cho,5.0,9,Nhà Xuất Bản Dân Trí,Bìa mềm,588,['luyen-thi-toeic']
186,Toeic Writing (Kèm CD),Hwang Su-yeon,4.6,69,Nhà Xuất Bản Tổng hợp TP.HCM,Bìa mềm,276,['luyen-thi-toeic']
187,Big Step TOEIC 3 (LC + RC) - Kèm CD,Kim Soyeong - Park Won - Lee Yun-u,4.7,44,Nhà Xuất Bản Tổng hợp TP.HCM,Bìa mềm,363,['luyen-thi-toeic']
188,Big Step TOEIC 1 (Kèm CD Hoặc File MP3),"Kim Soyeong,",4.7,197,Nhà Xuất Bản Tổng hợp TP.HCM,Bìa mềm,324,['luyen-thi-toeic']
189,Very Easy Toeic (Kèm 2 CD) - Tái Bản,,0.0,0,Nhà Xuất Bản Tổng hợp TP.HCM,Bìa mềm,260,['luyen-thi-toeic']
190,Economy TOEIC LC1000 Volume 2,Kang Jin-Oh - Kang Won-Ki,4.7,30,Nhà Xuất Bản Tổng hợp TP.HCM,Bìa mềm,223,['luyen-thi-toeic']
191,Collins - Skills for the TOEIC Test - Listening And Reading,Collins,4.8,54,Nhà Xuất Bản Tổng hợp TP.HCM,Bìa mềm,192,['luyen-thi-toeic']
192,YBM Actual Toeic Tests RC 1000 - Vol 1,YBM,4.5,11,Nhà Xuất Bản Dân Trí,Bìa mềm,612,['luyen-thi-toeic']
193,New Economy Toeic Rc 1000 ( Tặng Kèm Bút ),,5.0,27,,Bìa mềm,132,['luyen-thi-toeic']
194,Toeic Preparation LC + RC Volume 1 (Kèm file MP3),"Park Hye Young,",4.8,64,Nhà Xuất Bản Tổng hợp TP.HCM,Bìa mềm,224,['luyen-thi-toeic']
195,Toeic Speaking (Kèm CD),Lee So-yeong,4.7,39,Nhà Xuất Bản Tổng hợp TP.HCM,Bìa mềm,400,['luyen-thi-toeic']
196,"New TOEIC - Writing Coach (Gồm Course Book, Answer Key)",San Francisco Education Consulting,4.9,21,Nhà Xuất Bản Tổng hợp TP.HCM,Bìa mềm,140,['luyen-thi-toeic']
197,TOEIC Upgrade (Tặng Kèm CD),Peggy Anderson,4.8,80,Nhà Xuất Bản Compass Publishing,Bìa gập,296,['luyen-thi-toeic']
198,Hackers Toeic Vocabulary (Tái Bản),Hackers,4.8,106,Nhà Xuất Bản Dân Trí,Bìa mềm,556,['luyen-thi-toeic']
199,Combo YBM TOEIC 1000 4 Vol (Trọn Bộ 4 Cuốn): YBM TOEIC Reading 1000 Trọn Bộ 2 Tập + YBM TOEIC Listening 1000 Trọn Bộ 2 Tập,nhieu tac gia,5.0,5,Nhà Xuất Bản Thế Giới,Bìa mềm,2240,['luyen-thi-toeic']
200,YBM TOEIC Listening 1000 Tập 2: Mục Tiêu Đạt 700+ Điểm TOEIC,YBM,4.7,147,Nhà Xuất Bản Dân Trí,Bìa mềm,572,['luyen-thi-toeic']
201,Combo Hackers TOEIC Bứt Phá Điểm Số: Hackers TOEIC Vocabulary + Hackers TOEIC Start Reading + Hackers TOEIC Start Listening,,4.7,20,Nhà Xuất Bản Dân Trí,,,['luyen-thi-toeic']
202,Sách Starter Toeic Third Edition,Compass,4.9,15,Nhà Xuất Bản Tổng hợp TP.HCM,Bìa mềm,310,['luyen-thi-toeic']
203,Barron's Essential Words For The Toeic (Tái Bản),Dr. Lin Lougheed,4.7,897,Nhà Xuất Bản Tổng hợp TP.HCM,Bìa mềm,456,['luyen-thi-toeic']
204,Trạm Đọc Official | Hackers Toeic Vocabulary,David Cho,4.9,99,Nhà Xuất Bản Dân Trí,Bìa mềm,556,['luyen-thi-toeic']
205,Combo Sách Hacker TOEIC - 30 Phút Tự Học TOEIC Mỗi Ngày : Hackers TOEIC Start Listening + Hackers TOEIC Start Reading,David Cho,4.8,35,Nhà Xuất Bản Dân Trí,Bìa mềm,,['luyen-thi-toeic']
206,New Economy Toeic Rc 1000,Lee Ki Taek,4.8,162,Nhà Xuất Bản Tổng hợp TP.HCM,Bìa mềm,132,['luyen-thi-toeic']
207,Very Easy Toeic 2 - Build Up,"Anne Taylor,",4.7,84,Nhà Xuất Bản Compass Publishing,Bìa gập,212,['luyen-thi-toeic']
208,Trạm Đọc Official |  Combo YBM TOEIC 1000 4 Vol (Trọn Bộ 4 Cuốn): YBM TOEIC Reading 1000 Trọn Bộ 2 Tập + YBM TOEIC Listening 1000 Trọn Bộ 2 Tập,nhieu tac gia,4.9,42,Nhà Xuất Bản Thế Giới,Bìa mềm,2240,['luyen-thi-toeic']
209,New Economy Toeic Lc 1000 (Kèm 1 Đĩa Mp3)  ( Tặng Kèm Bút ),,4.7,22,,Bìa mềm,216,['luyen-thi-toeic']
210,Giới Từ Tiếng Anh,Mai Lan Hương - Nguyễn Thanh Loan,4.9,75,Nhà Xuất Bản Đà Nẵng,Bìa mềm,207,['ngu-phap-tieng-anh']
211,Ngữ Pháp Tiếng Anh (Tái Bản),"Mai Lan Hương,",4.9,337,Nhà Xuất Bản Đà Nẵng,Bìa mềm,280,['ngu-phap-tieng-anh']
212,Mindmap English Grammar - Ngữ Pháp Tiếng Anh Bằng Sơ Đồ Tư Duy,Đỗ Nhung,4.9,257,,,292,['ngu-phap-tieng-anh']
213,30 Chuyên Đề Ngữ Pháp Tiếng Anh Cô Trang Anh: Sách ID Tổng ôn Ngữ pháp Tiếng Anh Moonbook,Trang Anh,4.7,203,Nhà Xuất Bản Đại Học Quốc Gia Hà Nội,Bìa mềm,600,['ngu-phap-tieng-anh']
214,Combo 2 Cuốn: Cách Biến Đổi Câu Trong Tiếng Anh + Thì Và Sự Phối Hợp Thì Trong Tiếng Anh Tái Bản 2021,,4.9,19,Nhà Xuất Bản Đà Nẵng,,,['ngu-phap-tieng-anh']
215,English Grammar In Use,,3.3,4,Nhà Xuất Bản Đà Nẵng,Bìa mềm,448,['ngu-phap-tieng-anh']
216,My Grammar And I (Thực Hành),Daniel Smith,4.7,10,Nhà Xuất Bản Thế Giới,Bìa mềm,272,['ngu-phap-tieng-anh']
217,25 Chuyên Đề Ngữ Pháp Tiếng Anh Trọng Tâm Tập 2,Trang Anh,4.8,1316,Nhà Xuất Bản Đại Học Quốc Gia Hà Nội,Bìa mềm,360,['ngu-phap-tieng-anh']
218,Tự Học Ngữ pháp Tiếng Anh Bằng Mindmap Tập 1,"Vy Ngọc,",4.9,70,Nhà Xuất Bản Đại Học Quốc Gia Hà Nội,Bìa mềm,188,['ngu-phap-tieng-anh']
219,"Giải Thích Ngữ Pháp Tiếng Anh Với Bài Tập Và Đáp Án (TB 2022) - Tác giả Mai Lan Hương, Hà Thanh Uyên","Mai Lan Hương, Hà Thanh Uyên",4.9,536,Nhà Xuất Bản Đà Nẵng,Bìa mềm,560,['ngu-phap-tieng-anh']
220,Quick Grammar – Học Nhanh Ngữ Pháp Tiếng Anh,Proud Poet Editorial Team,4.8,90,Nhà Xuất Bản Tổng hợp TP.HCM,Bìa mềm,500,['ngu-phap-tieng-anh']
221,Ôn Tập Nhanh Ngữ Pháp Tiếng Anh (Bản lớn- mới),Nguyễn Văn Hòa,5.0,21,Đại Học Sư Phạm TPHCM,,12,['ngu-phap-tieng-anh']
222,Combo 25 Chuyên đề ngữ pháp tiếng anh trọng tâm ( trọn bộ tập 1+2 ),Trang Anh,4.9,2608,Nhà Xuất Bản Đại Học Sư Phạm,Bìa mềm,660,['ngu-phap-tieng-anh']
223,Combo sách: Mindmap English Grammar - Ngữ Pháp Tiếng Anh Bằng Sơ Đồ Tư Duy + Tự Học 2000 Từ Vựng Tiếng Anh Theo Chủ Đề,,4.9,194,Nhà Xuất Bản Hồng Đức,Bìa mềm,,['ngu-phap-tieng-anh']
224,Perfect English Grammar: Tất Tần Tật Về Ngữ Pháp Tiếng Anh,Patra Patphureerat,5.0,1,Nhà Xuất Bản Dân Trí,Bìa mềm,456,['ngu-phap-tieng-anh']
225,English Grammar In Use - 130 Bài Ngữ Pháp Tiếng Anh,Raymond Murphy,5.0,1,Nhà Xuất Bản Hồng Đức,Bìa mềm,564,['ngu-phap-tieng-anh']
226,Combo 2 Sách: Tiếng Anh Cho Người Mới Bắt Đầu và Tổng Ôn Ngữ Pháp Tiếng Anh Cô Trang Anh,Trang Anh,4.9,82,Nhà Xuất Bản Hồng Đức,Bìa mềm,,['ngu-phap-tieng-anh']
227,English Grammar In Use - 136 Đề Mục Ngữ Pháp Tiếng Anh (Bản Màu),Nguyễn Thị Thu Huế,4.9,55,Nhà Xuất Bản Hồng Đức,Bìa mềm,600,['ngu-phap-tieng-anh']
228,Cách Biến Đổi Câu Trong Tiếng Anh,Mai Lan Hương - Nguyễn Thị Thanh Tâm,4.8,100,Nhà Xuất Bản Đà Nẵng,Bìa mềm,197,['ngu-phap-tieng-anh']
229,Ngữ Pháp Tiếng Anh Dành Cho Học Sinh (Với Bài Tập Và Đáp Án) - Tái Bản,"Mai Lan Hương,",4.6,48,Nhà Xuất Bản Đà Nẵng,Bìa mềm,280,['ngu-phap-tieng-anh']
230,English Grammar In Use - 130 Bài Ngữ Pháp Tiếng Anh (Tái Bản),Trần Mạnh Tường,4.8,232,Nhà Xuất Bản Hồng Đức,Bìa mềm,564,['ngu-phap-tieng-anh']
231,Combo Ngữ Pháp Và Giải Thích Ngữ Pháp Tiếng Anh Cơ Bản Và Nâng Cao,Vũ Thị Mai Phương,4.0,1,Nhà Xuất Bản Hồng Đức,Bìa mềm,,['ngu-phap-tieng-anh']
232,Perfect English Grammar - Cẩm Nang Tự Học Toàn Diện Ngữ Pháp Tiếng Anh - Advanced,Vy Ngọc,4.9,39,Nhà Xuất Bản Đại Học Quốc Gia Hà Nội,Bìa mềm,192,['ngu-phap-tieng-anh']
233,Combo 2 Cuốn Perfect English Grammar - Cẩm Nang Tự Học Toàn Diện Ngữ Pháp Tiếng Anh: Basic & Advanced,Nhiều tác giả,4.9,39,Nhà Xuất Bản Đại Học Quốc Gia Hà Nội,Bìa mềm,,['ngu-phap-tieng-anh']
234,Tự Học Ngữ pháp Tiếng Anh Bằng Mindmap Tập 2,"Vy Ngọc,",4.8,63,Nhà Xuất Bản Đại Học Quốc Gia Hà Nội,Bìa mềm,176,['ngu-phap-tieng-anh']
235,Bài Tập Ngữ Pháp Tiếng Anh Căn Bản (Tái bản 2020),The Windy,4.9,13,Nhà Xuất Bản Hồng Đức,Bìa mềm,327,['ngu-phap-tieng-anh']
236,Giải Thích Ngữ Pháp Tiếng Anh (Với Bài Tập Và Đáp Án) (Tái Bản),"Mai Lan Hương,",4.9,1469,Nhà Xuất Bản Đà Nẵng,Bìa mềm,560,['ngu-phap-tieng-anh']
237,Giải Thích Ngữ Pháp Tiếng Anh (Tái Bản 2020),"Mai Lan Hương,",0.0,0,Nhà Xuất Bản Đà Nẵng,Bìa mềm,560,['ngu-phap-tieng-anh']
238,25 Chuyên Đề Ngữ Pháp Tiếng Anh Trọng Tâm – (Tập 1),Trang Anh,4.8,1805,Nhà Xuất Bản Đại Học Sư Phạm,Bìa mềm,300,['ngu-phap-tieng-anh']
239,Destination B1 - Ngữ Pháp Và Từ Vựng Tiếng Anh - Tập 2 _MT,,0.0,0,Nhà Xuất Bản Đại Học Quốc Gia Hà Nội,Bìa mềm,,['ngu-phap-tieng-anh']
240,Cụm Động Từ Tiếng Anh Thông Dụng,"Mai Lan Hương, Hà Thanh Uyên",4.8,133,Nhà Xuất Bản Đà Nẵng,Bìa mềm,293,['ngu-phap-tieng-anh']
241,Bản đặc biệt Tổng ôn 30 chuyên đề ngữ pháp tiếng anh cô Trang anh 2023,,4.8,110,Nhà Xuất Bản Hồng Đức,Bìa mềm,,['ngu-phap-tieng-anh']
242,Perfect English Grammar - Cẩm Nang Tự Học Toàn Diện Ngữ Pháp Tiếng Anh - Basic,Thiên Hương,4.9,31,Nhà Xuất Bản Đại Học Quốc Gia Hà Nội,Bìa mềm,200,['ngu-phap-tieng-anh']
243,Collins Work On Your Grammar - Upper Intermediate B2,Collins,4.8,22,Nhà Xuất Bản Tổng hợp TP.HCM,Bìa mềm,290,['ngu-phap-tieng-anh']
244,Bé Học Ngữ Pháp Tiếng Anh: Những Thì Cơ Bản,"Fran Bromage,",4.5,22,Nhà Xuất Bản Bách Khoa Hà Nội,Bìa mềm,16,['ngu-phap-tieng-anh']
245,Cẩm Nang Cấu Trúc Tiếng Anh,Trang Anh,4.8,2682,Nhà Xuất Bản Đại Học Sư Phạm,,237,['ngu-phap-tieng-anh']
246,Giải Thích Ngữ Pháp Tiếng Anh (Tái Bản 2022),"Mai Lan Hương,",4.9,214,Nhà Xuất Bản Đà Nẵng,,,['ngu-phap-tieng-anh']
247,Combo Mindmap English Grammar và Mindmap English Vocabulary - Học Kèm App Online,The Windy,4.7,19,Nhà Xuất Bản Hồng Đức,Bìa mềm,292,['ngu-phap-tieng-anh']
248,Ngữ Pháp Tiếng Anh 8,"Mai Lan Hương,",5.0,6,Nhà Xuất Bản Đà Nẵng,Bìa mềm,140,['ngu-phap-tieng-anh']
249,Thì Và Sự Phối Hợp Thì Trong Tiếng Anh,Mai Lan Hương - Nguyễn Thị Thanh Tâm,4.8,58,Nhà Xuất Bản Đà Nẵng,Bìa mềm,183,['ngu-phap-tieng-anh']
250,21 Cách Học Tiếng Anh Du Kích - FuSuSu (Song ngữ),FUSUSU,4.8,424,Nhà Xuất Bản Đà Nẵng,Bìa mềm,,['sach-hoc-tieng-anh-khac']
251,Starters,Nhiều tác giả,4.6,25,Nhà Xuất Bản Tổng hợp TP.HCM,Bìa mềm,116,['sach-hoc-tieng-anh-khac']
252,Tiếng Anh Cơ Bản ( Trọn Bộ 2 Tập ),,4.4,184,Nhà Xuất Bản Thanh Niên,Bìa gập,588,['sach-hoc-tieng-anh-khac']
253,Luyện Kỹ Năng Viết Thư Tín Thương Mại (Writing For Business),,4.7,48,Nhà Xuất Bản Tp.HCM,Bìa mềm,271,['sach-hoc-tieng-anh-khac']
254,Combo Bộ sách Ngữ âm tiếng anh quốc tế 3 cấp độ Sơ cấp - Trung cấp - Nâng cao (kèm đĩa CD),Lê Thị Hiệp,5.0,4,Nhà Xuất Bản Thế Giới,BOOK WITH CD,290,['sach-hoc-tieng-anh-khac']
255,Succeed In Cambridge English - Flyers (Kèm CD Hoặc File MP3),"Andrew Betsis,",4.8,81,Nhà Xuất Bản Tổng hợp TP.HCM,Bìa mềm,216,['sach-hoc-tieng-anh-khac']
256,Luyện Kỹ Năng Phát Âm Tiếng Anh (Trình Độ Sơ Cấp) - English Pronunciation In Use (Elementary),Kim Ngọc,4.8,176,Nhà Xuất Bản Thanh Hóa,Bìa mềm,222,['sach-hoc-tieng-anh-khac']
257,"Sách 30 đề thi Viết luận tiếng Anh B1, B2 Vstep - Ôn thi tiếng Anh bậc 3, 4, 5 theo khung năng lực ngoại ngữ 6 bậc Việt Nam",Vũ Thị Lê Vy,4.9,120,Nhà Xuất Bản Đại Học Quốc Gia Hà Nội,Bìa mềm,256,['sach-hoc-tieng-anh-khac']
258,Easy Email Writing - Viết Email Thật Dễ Dàng,Thanisa Choombala,4.8,83,Nhà Xuất Bản Tổng hợp TP.HCM,Bìa mềm,288,['sach-hoc-tieng-anh-khac']
259,I See Yellow Flowers In The Green Grass,Nguyễn Nhật Ánh,0.0,0,NXB Trẻ,Bìa mềm,376,['sach-hoc-tieng-anh-khac']
260,Combo Sách Học Tiếng Anh Little Stories 2 (5 Cuốn),"Stacey Riches,",4.9,148,Nhà Xuất Bản Đà Nẵng,Bìa mềm,960,['sach-hoc-tieng-anh-khac']
261,The Way To Encourage Others (Song Ngữ Anh - Việt),The Wanderers,4.9,67,Nhà Xuất Bản Đà Nẵng,Bìa mềm,160,['sach-hoc-tieng-anh-khac']
262,Cẩm nang định hướng đột phá học tiếng Anh - Tặng File nghe,Lê Thị Hiệp,5.0,12,Nhà Xuất Bản Thế Giới,Bìa mềm,220,['sach-hoc-tieng-anh-khac']
263,Trạm Đọc Official | Hackers Ielts : Writing,Viện ngôn ngữ Hackers,4.7,24,Nhà Xuất Bản Thế Giới,Bìa mềm,452,['sach-hoc-tieng-anh-khac']
264,"Combo 2 sách luyện thi B1 Vstep: Sách luyện thi B1 Vstep 4 kỹ năng và Sách 30 đề thi viết luận tiếng Anh B1, B2 Vstep – Ôn thi chứng chỉ tiếng Anh bậc 3 theo khung NLNN 6 bậc Việt Nam",Vũ Thị Lê Vy,4.8,70,Nhà Xuất Bản Đại Học Quốc Gia Hà Nội,Bìa mềm,584,['sach-hoc-tieng-anh-khac']
265,Tiếng Anh Cho Mọi Người - English For Everyone Course Book Level 1 Beginner (Kèm 01 CD),Rachel Harding,4.9,108,Nhà Xuất Bản Tổng hợp TP.HCM,Bìa mềm,184,['sach-hoc-tieng-anh-khac']
266,Combo Bộ sách Cẩm nang  học tiếng Anh & Ngữ âm tiếng anh quốc tế  3 cấp độ Sơ cấp - Trung cấp -  Nâng cao,,5.0,1,Nhà Xuất Bản Thế Giới,Bìa cứng,,['sach-hoc-tieng-anh-khac']
267,Starters Movers Flyers Combo 3 quyển - Luyện thi chứng chi Cambridge Tiểu Học + Kèm Đĩa CD,Nhiều tác giả,4.5,61,Nhà Xuất Bản Tổng hợp TP.HCM,Bìa mềm,350,['sach-hoc-tieng-anh-khac']
268,Bí thuật quy luật trọng âm- Nguyễn Ngọc Nam,Nguyễn Ngọc Nam,4.8,66,Nhà Xuất Bản Lao Động Hà Nội,Bìa cứng,520,['sach-hoc-tieng-anh-khac']
269,Học Tiếng Anh Siêu Thú Vị : Sách Luyện - Tập 3,Sasbadi Group,4.3,6,Nhà Xuất Bản Thế Giới,Bìa mềm,30,['sach-hoc-tieng-anh-khac']
270,Sách ID Tiếng Anh cho người mới bắt đầu - người mới mất gốc Cô Trang Anh,Trang Anh,4.6,778,ĐHQG Hà Nội,,466,['sach-hoc-tieng-anh-khac']
271,Little Stories - The Best Book For Your Leisure Time,Claire Luong,4.9,125,Nhà Xuất Bản Đà Nẵng,Bìa mềm,192,['sach-hoc-tieng-anh-khac']
272,Tôi Muốn Giỏi Tiếng Anh Nhưng Tôi Không Muốn Chăm Chỉ,"Moon Duk,",4.9,104,Nhà Xuất Bản Công Thương,Bìa mềm,264,['sach-hoc-tieng-anh-khac']
273,"Sách Học Phát Âm Tiếng Anh, Tự học phát âm tiếng anh hiệu quả Moonbook.",,4.6,32,Nhà Xuất Bản Hồng Đức,Bìa mềm,261,['sach-hoc-tieng-anh-khac']
274,Sách Luyện thi B2 Vstep 4 kỹ năng - Ôn thi chứng chỉ tiếng Anh bậc 4 (bằng B2 tiếng Anh) khung năng lực Ngoại ngữ 6 bậc Việt Nam,Vũ Thị Lê Vy,4.8,60,Nhà Xuất Bản Đại Học Quốc Gia Hà Nội,Bìa mềm,344,['sach-hoc-tieng-anh-khac']
275,Sách ngữ âm dành cho người mới bắt đầu,Lê Thị Hiệp,4.5,8,Nhà Xuất Bản Thế Giới,Bìa mềm,88,['sach-hoc-tieng-anh-khac']
276,Combo Sách Học Tiếng Anh Little Stories 1 (5 Cuốn),Stacey Riches,4.9,454,Nhà Xuất Bản Đà Nẵng,Bìa mềm,960,['sach-hoc-tieng-anh-khac']
277,The Way To Stay Positive,The Wanderers,4.8,52,Nhà Xuất Bản Đà Nẵng,Bìa mềm,160,['sach-hoc-tieng-anh-khac']
278,BỘ SÁCH HỌC TIẾNG ANH lITTLE STORIES,"Stacey Riches,",4.8,653,Nhà Xuất Bản Đà Nẵng,Bìa mềm,1900,['sach-hoc-tieng-anh-khac']
279,"Rèn Luyện Thói Quen Tốt 2-6 Tuổi: Đừng Ích Kỉ Thế, Mèo Khoang (Song Ngữ)",Khánh Tuệ - Ngọc Anh. Minh họa: Phạm Thùy Như,5.0,1,Nhà Xuất Bản Văn Học,Bìa mềm,28,['sach-hoc-tieng-anh-khac']
280,Sách - Quy Luật Đánh Vần Tiếng Anh - Nguyễn Ngọc Nam,Nguyễn Ngọc Nam,4.8,42,Nhà Xuất Bản Thanh Niên,Bìa mềm,548,['sach-hoc-tieng-anh-khac']
281,Academic Reading Builder,"Will Link,",4.9,38,Nhà Xuất Bản Đà Nẵng,Bìa mềm,216,['sach-hoc-tieng-anh-khac']
282,"Combo 3 sách luyện thi B1 Vstep: Luyện thi B1 Vstep 4 kỹ năng + 30 đề thi viết luận tiếng Anh B1, B2 Vstep + 10 bộ đề thi Đọc hiểu Vstep B1-B2-C1 ôn thi chứng chỉ ngoại ngữ bậc 3 Vstep writing, reading, speaking, listening",Vũ Thị Lê Vy,4.8,47,Nhà Xuất Bản Đại Học Quốc Gia Hà Nội,Bìa mềm,928,['sach-hoc-tieng-anh-khac']
283,The Way To Be Thankful (Song Ngữ Anh - Việt),The Wanderers,4.8,88,Nhà Xuất Bản Đà Nẵng,Bìa mềm,160,['sach-hoc-tieng-anh-khac']
284,Chém Tiếng Anh Không Cần Động Não - Tác giả Vũ Vi Bình (Bino Chém tiếng anh) - Phiên bản đặc biệt,Vũ Vi Bình - Bino,0.0,0,Nhà Xuất Bản Thế Giới,Bìa mềm,,['sach-hoc-tieng-anh-khac']
285,Bài Tập Trắc Nghiệm Tiếng Anh 6 - I-Learn Smart World (Bám Sát SGK Cánh Diều) (HA),"Nguyễn Văn Hai,",5.0,1,Nhà Xuất Bản Đại Học Quốc Gia Hà Nội,Bìa mềm,138,['sach-hoc-tieng-anh-khac']
286,Sách Luyện thi B1 Vstep 4 kỹ năng - Ôn thi chứng chỉ tiếng Anh B1 bậc 3 (bằng B1 tiếng Anh) theo Khung NLNN Việt Nam,Vũ Thị Lê Vy,4.8,318,Nhà Xuất Bản Đại Học Quốc Gia Hà Nội,Bìa mềm,328,['sach-hoc-tieng-anh-khac']
287,Little Stories - The Best Book For Peaceful Nights,Claire Luong,4.8,142,Nhà Xuất Bản Đà Nẵng,Bìa mềm,192,['sach-hoc-tieng-anh-khac']
288,Combo Bộ sách Cẩm nang Học tiếng Anh & Sách ngữ âm dành cho người mới bắt đầu (kèm đĩa CD),,0.0,0,Nhà Xuất Bản Thế Giới,Bìa cứng,,['sach-hoc-tieng-anh-khac']
289,Tài Liệu Luyện Thi Tổng Hợp VSTEP Bậc 3 (B1) (Quét Mã Qr Hoặc Vào Trang Web Để Nghe File Mp3),Lê Huy Lâm,4.7,134,Nhà Xuất Bản Tổng hợp TP.HCM,Bìa mềm,368,['sach-hoc-tieng-anh-khac']
290,"Combo 2 sách luyện thi B2 Vstep: Sách luyện thi B2 Vstep 4 kỹ năng và sách 30 đề thi viết luận tiếng Anh B1, B2 Vstep – ôn thi chứng chỉ tiếng Anh bậc 4 (bằng B2 tiếng Anh) khung năng lực Ngoại ngữ 6 bậc dành cho Việt Nam",Vũ Thị Lê Vy,5.0,17,Nhà Xuất Bản Đại Học Quốc Gia Hà Nội,Bìa mềm,600,['sach-hoc-tieng-anh-khac']
291,Các Lỗi Thường Gặp Trong Tiếng Anh,"Mai Lan Hương, Hà Thanh Uyên",4.9,163,Nhà Xuất Bản Đà Nẵng,Bìa mềm,235,['sach-hoc-tieng-anh-khac']
292,Nói Tiếng Anh Thông Thạo Trong Sinh Hoạt Hằng Ngày (Kèm CD Hoặc File MP3),"Peter Lai,",4.9,67,Nhà Xuất Bản Tổng hợp TP.HCM,Bìa mềm,304,['sach-hoc-tieng-anh-khac']
293,Học Tiếng Anh Siêu Thú Vị: Sách Học 6,Sasbadi Group,5.0,8,Nhà Xuất Bản Thế Giới,Bìa mềm,30,['sach-hoc-tieng-anh-khac']
294,How Food Works - Hiểu Hết Về Thức Ăn,DK,4.7,672,Nhà Xuất Bản Thế Giới,Bìa mềm,255,['sach-hoc-tieng-anh-khac']
295,Succeed In Cambridge English - Starters (Kèm CD Hoặc File MP3),"Andrew Betsis,",4.8,43,Nhà Xuất Bản Tổng hợp TP.HCM,Bìa mềm,152,['sach-hoc-tieng-anh-khac']
296,Tuyển Chọn 150 Mẩu Chuyện Cười Tiếng Anh Song Ngữ,Thiên Phúc,5.0,6,Nhà Xuất Bản Thanh Niên,Bìa mềm,300,['sach-hoc-tieng-anh-khac']
297,Tiếng Anh Ngoài Lớp Học - Forgotten English Conversation (Kèm CD),"M.L. Thanissa Chompoo,",4.6,24,Nhà Xuất Bản Tổng hợp TP.HCM,Bìa mềm,496,['sach-hoc-tieng-anh-khac']
298,Illustrated Classics - Truyện Cổ Grimm,Nhiều tác giả,0.0,0,,Bìa mềm,304,['sach-hoc-tieng-anh-khac']
299,Luyện Kỹ Năng Nghe Tiếng Anh (Trình Độ Cơ Bản) -Tactics For Listening Basic,Xuân Lan,4.8,118,Nhà Xuất Bản Thanh Hóa,Bìa mềm,252,['sach-hoc-tieng-anh-khac']
300,"Combo Bộ sách Cẩm nang  học tiếng Anh, Sách ngữ âm giành cho người mới bắt đầu, Ngữ âm tiếng Anh quốc tế cấp độ trung cấp (kèm đĩa CD)",,0.0,0,Nhà Xuất Bản Thế Giới,Bìa cứng,,['sach-hoc-tieng-anh-khac']
301,How Philosophy Works - Hiểu Hết Về Triết Học,DK,4.8,178,Nhà Xuất Bản Thế Giới,Bìa cứng,268,['sach-kien-thuc-tong-hop']
302,Sách Chiêm Tinh - Ứng Dụng Trong Y Học (Cuộc hành trình vạn dặm của Linh Hồn),Trần Việt Quân,0.0,0,Nhà Xuất Bản Hồng Đức,Bìa cứng,341,['sach-kien-thuc-tong-hop']
303,Combo 2 Cuốn: Tâm Lý Học Tội Phạm,Stanton E. Samenow,4.8,1928,Nhà Xuất Bản Đại Học Kinh Tế Quốc Dân,Bìa mềm,664,['sach-kien-thuc-tong-hop']
304,Đàn Ông Sao Hỏa Đàn Bà Sao Kim - Tặng kèm 1 bookmar hình ngẫu nhiên như hình,John Gray,4.0,1,Nhà Xuất Bản Hồng Đức,Bìa mềm,485,['sach-kien-thuc-tong-hop']
305,Những Tù Nhân Của Địa Lý,Tim Marshall,4.8,4079,Nhà Xuất Bản Hội Nhà Văn,Bìa cứng,430,['sach-kien-thuc-tong-hop']
306,Cà Insider No.1 - SENSORY - Chạm Cà Phê Từ Mọi Giác Quan,Julie Đặng,4.9,107,,,,['sach-kien-thuc-tong-hop']
307,The Little Book - Giải Mã Bùa Chú,Astrid Carvel,0.0,0,Nhà Xuất Bản Hồng Đức,Bìa mềm,128,['sach-kien-thuc-tong-hop']
308,Phong Thủy Cho Người Mua Nhà Chung Cư,,4.9,86,nxb thanh nien,Bìa mềm,450,['sach-kien-thuc-tong-hop']
309,Tarot Toàn Thư - Đọc Vận Mệnh Qua Những Lá Bài,Anthony Louis,4.9,328,Nhà Xuất Bản Thế Giới,Bìa cứng,304,['sach-kien-thuc-tong-hop']
310,"Sách Kỳ Quan Thế Giới ( World's Greatest Wonders ) - Hình ảnh Minh Họa 3D Giới Thiệu Chi Tiết Về 30 Kỳ Quan Thiên Nhiên Và Nhân Tạo Tuyệt Đẹp - Á Châu Books, Bìa Cứng, In Màu",Joyce Meyer,4.6,17,Nhà Xuất Bản Lao Động Hà Nội,Bìa cứng,256,['sach-kien-thuc-tong-hop']
311,Nhà Tư Tưởng Lớn - Nietzsche Trong 60 Phút,Walther Ziegler,4.9,73,Nhà Xuất Bản Hồng Đức,Bìa mềm,224,['sach-kien-thuc-tong-hop']
312,Thần Số Học,Hans Decoz,4.8,299,Nhà Xuất Bản Thanh Niên,Bìa mềm,392,['sach-kien-thuc-tong-hop']
313,Combo 2 Cuốn: Osho Đàn Ông + Osho Phụ Nữ,Osho,4.9,441,Nhà Xuất Bản Hà Nội,Bìa mềm,325,['sach-kien-thuc-tong-hop']
314,Tam Thế Thư (Bìa cứng),Gia Cát Lượng,4.6,19,Nhà Xuất Bản Hồng Đức,Bìa cứng,380,['sach-kien-thuc-tong-hop']
315,Lên Tàu Cùng Socrates - Đi Tìm Ý Nghĩa Cuộc Sống Từ Các Triết Gia,Eric Weiner,4.8,62,NXB Trẻ,,436,['sach-kien-thuc-tong-hop']
316,"Combo 2 Cuốn Sách Bách Khoa Toàn Thư - Kỳ Quan Thế Giới, Bí Ẩn Của Lịch Sử- Tổng Hợp Kiến Thức Về Lịch Sử, Địa Lý, Du Lịch Khám Phá Thế Giới - Á Châu Books Bìa Cứng, In Màu",nhieu tac gia,5.0,3,Nhà Xuất Bản Lao Động,Bìa cứng,510,['sach-kien-thuc-tong-hop']
317,Toàn Thư Chiêm Tinh Học Nhập Môn,Joanna Martine Woolfolk,4.9,1090,Nhà Xuất Bản Thế Giới,Bìa cứng,508,['sach-kien-thuc-tong-hop']
318,Câu Chuyện Ngôn Ngữ,David Crystal,4.9,274,Nhà Xuất Bản Thế Giới,Bìa mềm,336,['sach-kien-thuc-tong-hop']
319,Hành Trình Tarot (Tái Bản 2022),TADA Project,4.9,195,Nhà Xuất Bản Thế Giới,Bìa mềm,240,['sach-kien-thuc-tong-hop']
320,Khuyến Học (Tái Bản),Fukuzawa Yukichi,4.9,712,Nhà Xuất Bản Thế Giới,Bìa mềm,248,['sach-kien-thuc-tong-hop']
321,Cái Dũng Của Thánh Nhân (Thu Giang Nguyễn Duy Cần) (Tái Bản),Thu Giang Nguyễn Duy Cần,4.9,232,NXB Trẻ,Bìa mềm,168,['sach-kien-thuc-tong-hop']
322,Thần Số Học Ứng Dụng,Joy Woodward,4.8,1708,Nhà Xuất Bản Thanh Niên,Bìa mềm,280,['sach-kien-thuc-tong-hop']
323,Tĩnh Lặng,Thích Nhất Hạnh,4.9,286,Nhà Xuất Bản Thế Giới,Bìa mềm,188,['sach-kien-thuc-tong-hop']
324,Bàn Tay Ánh Sáng,Barbara Ann Brennan,5.0,70,Nhà Xuất Bản Thế Giới,Bìa mềm,624,['sach-kien-thuc-tong-hop']
325,Chiêm Tinh Học Cơ Bản - Luận Giải Cuộc Đời Qua Biểu Đồ Chiêm Tinh,"M.A.,",5.0,4,Nhà Xuất Bản Thế Giới,Bìa cứng,400,['sach-kien-thuc-tong-hop']
326,Power Vs Force - Trường Năng Lượng Và Những Nhân Tố Quyết Định Hành Vi Của Con Người (Tái Bản),David R.Hawkins,4.9,537,Nhà Xuất Bản Thế Giới,Bìa mềm,398,['sach-kien-thuc-tong-hop']
327,How Technology Works – Hiểu hết về công nghệ,DK,4.9,80,Nhà Xuất Bản Thế Giới,Bìa cứng,258,['sach-kien-thuc-tong-hop']
328,Dịch Kinh Tường Giải (Di Cảo): Quyển Thượng (Tái Bản),Thu Giang Nguyễn Duy Cần,4.9,225,NXB Trẻ,Bìa cứng,548,['sach-kien-thuc-tong-hop']
329,Vị Thần Của Những Quyết Định,Universe,4.8,1161,Nhà Xuất Bản Thế Giới,Bìa mềm,320,['sach-kien-thuc-tong-hop']
330,Combo 2Q sách sức khỏe: Cơ Thể Ta Đã Hai Triệu Năm - Giải Mã Các Căn Bệnh Thời Hiện Đại + Điều Kỳ Diệu Của Vận Động (Tặng Kèm Bookmark),,5.0,1,Nhiều Nhà Xuất Bản,,,['sach-kien-thuc-tong-hop']
331,Nhập Môn Lịch Sử Tâm Lý Học,B.R. HERGENHAHN,5.0,2,Nhà Xuất Bản Hồng Đức,Bìa mềm,688,['sach-kien-thuc-tong-hop']
332,Huyền Thuật Và Các Đạo Sĩ Tây Tạng (Tái Bản),Alexandra David Neel,4.9,89,Nhà Xuất Bản Thế Giới,Bìa mềm,280,['sach-kien-thuc-tong-hop']
333,Sách OSHO - Trò Chuyện Với Vĩ Nhân,Osho,4.9,572,Nhà Xuất Bản Văn Hóa - Văn Nghệ,Bìa gập,396,['sach-kien-thuc-tong-hop']
334,Sổ Tay Nhà Thôi Miên,Cao Minh,4.7,1189,Nhà Xuất Bản Đà Nẵng,Bìa mềm,352,['sach-kien-thuc-tong-hop']
335,Bí Mật Âm Dương Ngũ Hành (Bìa Cứng),Lý Kế Dũng,4.5,6,Nhà Xuất Bản Hồng Đức,Bìa mềm,560,['sach-kien-thuc-tong-hop']
336,Lịch Sử Vú,Marilyn Yalom,4.9,69,Nhà Xuất Bản Phụ Nữ Việt Nam,Bìa mềm,500,['sach-kien-thuc-tong-hop']
337,"Chúng Ta Học Thế Nào - How We Learn (Sự Thật Khó Tin Về Việc Học Nó Diễn Ra Khi Nào, Ở Đâu , Và Tại Sao)",Benedict Carey,4.8,231,Nhà Xuất Bản Thế Giới,Bìa mềm,404,['sach-kien-thuc-tong-hop']
338,Bộ Thẻ Rèn Trí Sáng Suốt mới (Nâng cấp thay thế cho bộ Thẻ Chánh Kiến) - Sản phẩm tâm huyết thầy Trần Việt Quân,Trần Việt Quân,0.0,0,Nhà Xuất Bản Thông Tin Và Truyền Thông,Bìa cứng,128,['sach-kien-thuc-tong-hop']
339,Tôn Tử Binh Pháp (Tái Bản),Tôn Tử,4.8,79,Nhà Xuất Bản Dân Trí,Bìa cứng,130,['sach-kien-thuc-tong-hop']
340,Sách Mật Mã Sức Khoẻ Hoàn Hảo - Hệ Bạch Huyết - Khởi Nguồn Sự Sống,,5.0,1,Nhà Xuất Bản Dân Trí,Bìa mềm,386,['sach-kien-thuc-tong-hop']
341,Được Học - Educated (Tái Bản),Tara Westover,4.9,255,Nhà Xuất Bản Phụ Nữ Việt Nam,Bìa mềm,446,['sach-kien-thuc-tong-hop']
342,Sự Trỗi Dạy Và Suy Tàn Của Đế Chế Thứ 3 (Tái Bản),William L.Shirer,4.6,171,Nhà Xuất Bản Thông Tin Và Truyền Thông,Bìa cứng,1504,['sach-kien-thuc-tong-hop']
343,COMBO TỰ HỌC TAROT: Sách Nhật ký Tarot + Bộ Bài & Sách Hướng Dẫn (Tái bản 2022),Brigit Esselmont,4.8,66,Nhà Xuất Bản Thế Giới,Bìa mềm,88,['sach-kien-thuc-tong-hop']
344,Nghề Thầy,Hoàng Đạo Thúy,4.8,224,Nhà Xuất Bản Hội Nhà Văn,Bìa mềm,156,['sach-kien-thuc-tong-hop']
345,Thần Số Học: Thấu Hiểu Nhân Tâm,Tống Khánh Thượng,4.7,55,Nhà Xuất Bản Công Thương,Bìa mềm,238,['sach-kien-thuc-tong-hop']
346,Sống Bán Nông Bán X - Tâm Lý Mới Về Cuộc Sống Điền Viên,Shiomi Naoki,4.8,33,Nhà Xuất Bản Dân Trí,Bìa mềm,332,['sach-kien-thuc-tong-hop']
347,Stephen Hawking - Trả Lời Ngắn Gọn Những Câu Hỏi Lớn,Stephen Hawking,4.9,289,NXB Trẻ,Bìa mềm,204,['sach-kien-thuc-tong-hop']
348,Sách - Combo 3 Cuốn Thánh Hiền Thư : Lý Tài + Cầu Học + Tu Thân (Bộ Sách Minh Triết Phương Đông) - Sbooks,"Dương Thu Ái, Nguyễn Kim Hanh",4.9,33,nxb van hoc,Bìa mềm,1756,['sach-kien-thuc-tong-hop']
349,Thuật Yêu Đương (Tái Bản),Nguyễn Duy Cần,4.9,213,NXB Trẻ,Bìa mềm,336,['sach-kien-thuc-tong-hop']
350,"Thần Với Chả Thoại (Những Câu Chuyện ""Mệt Mỏi"" Về Các Vị Thần)",Fanpage Thần với chả Thoại,4.8,234,Nhà Xuất Bản Dân Trí,Bìa cứng,228,['sach-kien-thuc-tong-hop']
351,Nhân Loại - Một Lịch Sử Tràn Đầy Hi Vọng,Rutger Bregman,4.8,104,Nhà Xuất Bản Mỹ Thuật,Bìa mềm,482,['sach-kien-thuc-tong-hop']
352,Nhật Ký Tarot,Brigit Esselmont,4.9,317,Nhà Xuất Bản Thế Giới,Bìa mềm,328,['sach-kien-thuc-tong-hop']
353,Tarot Nhập Môn (Tái Bản 2019),Kim Huggens,4.8,533,Nhà Xuất Bản Hà Nội,Bìa mềm,455,['sach-kien-thuc-tong-hop']
354,Khoa Học Về Yoga,Ann Swanson,4.8,398,Nhà Xuất Bản Thế Giới,Bìa cứng,220,['sach-kien-thuc-tong-hop']
355,Combo 2 Cuốn: Kế Toán Tài Chính (Tập 1 & 2),Trần Xuân Nam (Maastricht MBA),4.7,79,Nhà Xuất Bản Tài Chính,Bìa mềm,1360,['sach-kinh-te']
356,Sách Người Giàu Có Nhất Thành Babylon (Tái Bản 2020),GEORGE SAMUEL CLASON,5.0,22,Nhà Xuất Bản Tổng hợp TP.HCM,Bìa gập,216,['sach-kinh-te']
357,Suy Nghĩ Thống Kê Trong Đời Thường,Nguyễn Văn Tuấn,4.9,170,Nhà Xuất Bản Tổng hợp TP.HCM,Bìa mềm,392,['sach-kinh-te']
358,Sách Tài Chính Cá Nhân Cho Người Việt Nam - Tặng Khóa học Online về Tài chính,Lâm Minh Chánh,4.7,1788,Nhà Xuất Bản Phụ Nữ,Bìa mềm,235,['sach-kinh-te']
359,Mô Hình Biểu Đồ - Phương pháp Hiệu quả để Tìm kiếm Lợi nhuận,,4.7,411,Nhà Xuất Bản Thanh Niên,Bìa cứng,487,['sach-kinh-te']
360,Khởi Nghiệp Bán Lẻ - Bí Quyết Thành Công Và Giàu Có Bằng Những Cửa Hàng Đông Khách - Công Thức Kinh Doanh Và Quản Lý Cửa Hàng Hiệu Quả,Trần Thanh Phong,4.8,2305,Nhà Xuất Bản Đà Nẵng,Bìa mềm,272,['sach-kinh-te']
361,Bí Mật Của Phan Thiên Ân,Alan Phan,4.8,2412,Nhà Xuất Bản Thế Giới,Bìa mềm,211,['sach-kinh-te']
362,"Trend Following – Cách thức để kiếm được VẬN MAY LỚN và GIÀU CÓ trong các thị trường BÒ, GẤU và các sự kiện THIÊN NGA ĐEN",,4.7,129,Nhà Xuất Bản Thế Giới,Bìa rời,836,['sach-kinh-te']
363,Siêu Cò – How To Be A Power Connector,Judy Robinett,4.8,2240,Nhà Xuất Bản Thế Giới,Bìa cứng,352,['sach-kinh-te']
364,Chiến Tranh Tiền Tệ - Phần 1 - Ai Thực Sự Là Người Giàu Nhất Thế Giới ( Tái Bản 2022),Song Hong Bing,4.9,752,Nhà Xuất Bản Lao Động,Bìa mềm,532,['sach-kinh-te']
365,Chiến Tranh Tiền Tệ: Sự Thống Trị Của Quyền Lực Tài Chính - Tặng Kèm Sổ Tay,Song Hongbing,4.4,34,Nhà Xuất Bản Lao Động,Bìa mềm,614,['sach-kinh-te']
366,Dạy Con Làm Giàu (Tập 1) - Để Không Có Tiền Vẫn Tạo Ra Tiền - Cha Giàu Cha Nghèo (Tái Bản),Robert T. Kiyosaki,4.8,3542,NXB Trẻ,Bìa mềm,193,['sach-kinh-te']
367,Chiến Tranh Tiền Tệ - Tập 4,Song Hong Bing,4.9,245,Nhà Xuất Bản Lao Động,Bìa mềm,608,['sach-kinh-te']
368,Sách Nghĩ Giàu Và Làm Giàu (Bìa Mềm),Napoleon Hill,4.9,1781,Nhà Xuất Bản Tổng hợp TP.HCM,Bìa mềm,400,['sach-kinh-te']
369,Bộ sách Làm Giàu Từ Chứng Khoán (How To Make Money In Stock) phiên bản mới + Hướng Dẫn Thực Hành CANSLIM Cho Người Mới Bắt Đầu,"William J. O’Neil,",4.8,155,Nhà Xuất Bản Thế Giới,Bìa cứng,1044,['sach-kinh-te']
370,Từ Tốt Đến Vĩ Đại (Tái bản 2021),,4.7,103,NXB Trẻ,Bìa mềm,,['sach-kinh-te']
371,Lý Thuyết Trò Chơi,Trần Phách Hàm,4.7,284,Nhà Xuất Bản Dân Trí,Bìa mềm,320,['sach-ky-nang-song']
372,Nói Một Cách Đơn Giản,Rhee Dongwoo,4.9,101,Nhà Xuất Bản Hà Nội,Bìa mềm,264,['sach-ky-nang-song']
373,Sổ tay thực hành 66 ngày thử thách,,4.7,411,Nhà Xuất Bản Thế Giới,Bìa cứng,174,['sach-ky-nang-song']
374,Đừng Cố Làm Người Tốt Trong Mắt Tất Cả Mọi Người,,4.9,265,Nhà Xuất Bản Thanh Niên,,256,['sach-ky-nang-song']
375,Ổn Định Hay Tự Do,Trương Học Vĩ,4.8,1039,Nhà Xuất Bản Văn Học,Bìa mềm,284,['sach-ky-nang-song']
376,"Thiên Quan Tứ Phúc - Tập 6 (Tiểu thuyết, đam mỹ)",Mặc Hương Đồng Khứu,5.0,237,Nhà Xuất Bản Hà Nội,Bìa mềm,368,['sach-van-hoc']
377,Cuốn Tiểu Thuyết Cực Hay Của Diệp Lạc Vô Tâm: Như Chỉ Mới Hôm Qua,Diệp Lạc Vô Tâm,4.9,7,Nhà Xuất Bản Văn Học,Bìa mềm,,['sach-van-hoc']
378,Bạch Dạ Hành (Tái Bản),Higashino Keigo,4.8,1125,Nhà Xuất Bản Hội Nhà Văn,Bìa mềm,628,['sach-van-hoc']
379,COMBO 5 cuốn sách của tác giả Lôi Mễ:: đề thi đẫm máu + Cuồng vọng phi nhân tính + Sông ngầm + Ánh sáng thành phố + Tâm nguyện cuối cùng,,3.0,2,Nhà Xuất Bản Văn Học,,,['sach-van-hoc']
380,Hai Số Phận (Bìa Cứng) - Tặng Bookmark Happy Life,Jeffrey Archer,4.9,518,Nhà Xuất Bản Văn Học,Bìa cứng,,['sach-van-hoc']
381,Thanh Xuân Ấy Tôi Đã Thương Một Người,Quốc Thái,0.0,0,Nhà Xuất Bản Hồng Đức,Bìa mềm,240,['sach-van-hoc']
382,Chiến Binh Cầu Vồng (Tái Bản 2020),Andrea Hirata,4.8,3380,Nhà Xuất Bản Hội Nhà Văn,Bìa mềm,428,['sach-van-hoc']
383,Sách - Combo 2 cuốn sách TÌNH YÊU VÀ RANH GIỚI | San Hô Books,,0.0,0,nxb thanh nien,,,['sach-van-hoc']
384,Chào Mừng Đến Lớp Học Đề Cao Thực Lực - 3,Kinugasa Syougo,4.9,170,Nhà Xuất Bản Hà Nội,Bìa mềm,380,['sach-van-hoc']
385,"Có Một Ngày, Bố Mẹ Sẽ Già Đi",Nhiều tác giả,4.8,2412,Nhà Xuất Bản Thế Giới,Bìa mềm,296,['sach-van-hoc']
386,Chuyện Kể Rằng Có Nàng Và Tôi,Nhiều tác giả,4.8,689,Nhà Xuất Bản Phụ Nữ Việt Nam,Bìa mềm,152,['sach-van-hoc']
387,Giã Từ Thơ Ngây,Park Hyun-Wook,5.0,1,Nhà Xuất Bản Hà Nội,Bìa mềm,192,['sach-van-hoc']
388,Tôi Thích Bản Thân Nỗ Lực Hơn (Ấn Bản Kỷ Niệm),Chu Xung,4.8,323,Nhà Xuất Bản Văn Học,Bìa mềm,380,['sach-van-hoc']
389,"Thiên Tài Bên Trái, Kẻ Điên Bên Phải (Tái Bản)",Cao Minh,4.8,5425,,,,['sach-van-hoc']
390,Trăng Tan Đáy Nước ( Tặng Kèm Bookmark ),Hoàng Yến,5.0,2,Nhà Xuất Bản Phụ Nữ Việt Nam,Bìa mềm,248,['sach-van-hoc']
391,Rừng Nauy (Tái Bản),Haruki Murakami,4.9,1075,Nhà Xuất Bản Hội Nhà Văn,Bìa mềm,556,['sach-van-hoc']
392,Ngàn Mặt Trời Rực Rỡ (Tái Bản),Khailed Hosseini,4.8,1286,Nhà Xuất Bản Văn Học,Bìa mềm,522,['sach-van-hoc']
393,"Dear, Darling",Hiên,4.8,888,Nhà Xuất Bản Phụ Nữ Việt Nam,Bìa mềm,200,['sach-van-hoc']
394,Totto - Chan Bên Cửa Sổ (Tái Bản),Kuroyanagi Tetsuko,4.9,2080,Nhà Xuất Bản Văn Học,Bìa mềm,359,['sach-van-hoc']
395,Semantic Error – Lỗi Logic (Tập 2),J.Soori,4.8,644,Nhà Xuất Bản Hà Nội,Bìa mềm,,['sach-van-hoc']
396,LÉN NHẶT CHUYỆN ĐỜI - MỘC TRẦM,,4.8,6,Nhà Xuất Bản Thế Giới,Bìa mềm,216,['sach-van-hoc']
397,Từ Điển Tiếng “Em”,Khotudien,4.8,5263,Nhà Xuất Bản Phụ Nữ Việt Nam,Bìa mềm,280,['sach-van-hoc']
398,Người Đua Diều (Tái Bản 2018),Khaled Hosseini,4.8,2589,Nhà Xuất Bản Hội Nhà Văn,Bìa mềm,460,['sach-van-hoc']
399,Hoa Vẫn Nở Mỗi Ngày,Valérie Perrin,4.8,60,Nhà Xuất Bản Hà Nội,Bìa mềm,532,['sach-van-hoc']
400,"Chúng Ta Rồi Sẽ Hạnh Phúc, Theo Những Cách Khác Nhau [Tặng Kèm: 01 Bookmark]",Thảo Thảo,4.8,1838,Nhà Xuất Bản Văn Học,Bìa mềm,208,['sach-van-hoc']
401,Cây Cam Ngọt Của Tôi,José Mauro de Vasconcelos,4.9,13287,Nhà Xuất Bản Hội Nhà Văn,Bìa mềm,244,['sach-van-hoc']
402,Combo 2 Cuốn: Yêu Những Điều Không Hoàn Hảo + Bước Chậm Lại Giữa Thế Gian Vội Vã (Tái Bản),Hae Min,4.9,921,Nhiều Nhà Xuất Bản,Bìa mềm,295,['sach-van-hoc']
403,Kiêu Hãnh Và Định Kiến (Tái Bản),Jane Austen,4.8,538,Nhà Xuất Bản Hội Nhà Văn,Bìa mềm,362,['sach-van-hoc']
404,Điều Đẹp Nhất Có Khi Là Buông Tay (Tặng Kèm Bookmark),Thought Catalog,4.8,623,Nhà Xuất Bản Hà Nội,Bìa mềm,160,['sach-van-hoc']
405,Sự Im Lặng Của Bầy Cừu (Tái Bản),Thomas Harris,4.8,2702,Nhà Xuất Bản Hội Nhà Văn,Bìa mềm,347,['sach-van-hoc']
406,Cuốn Truyện Trinh Thám Hấp Dẫn: Di Sản Kinh Hoàng,Lisa Gardner,0.0,0,Nhà Xuất Bản Văn Học,Bìa mềm,,['sach-van-hoc']
407,Cuộc Diễu Hành Thầm Lặng,Higashino Keigo,4.9,252,Nhà Xuất Bản Hà Nội,Bìa mềm,532,['sach-van-hoc']
408,Phía Sau Nghi Can X (Tái Bản 2019),Higashino Keigo,4.8,3489,Nhà Xuất Bản Hội Nhà Văn,Bìa mềm,396,['sach-van-hoc']
409,Kafka bên bờ biển (Tái Bản 2020),Haruki Murakami,5.0,3,Nhà Xuất Bản Hội Nhà Văn,Bìa mềm,530,['sach-van-hoc']
410,Sách - Sơn trà nở muộn - Giá Oản Chúc ( bản giới hạn tặng: Bookmark bật lửa + Bookmark hoa sơn trà + Postcard),Giá Oản Chúc,5.0,2,Nhà Xuất Bản Thanh Niên,Bìa mềm,648,['sach-van-hoc']
411,Như Cơn Gió Thoảng - Nghĩ Về Những Qui Luật Cuộc Sống,Nguyễn Văn Tuấn,4.9,28,NXB Trẻ,,,['sach-van-hoc']
412,Bước Chậm Lại Giữa Thế Gian Vội Vã (Tái Bản),Hae Min,4.8,3965,Nhà Xuất Bản Hội Nhà Văn,Bìa mềm,256,['sach-van-hoc']
413,Hiệu Sách Nhỏ Ở Paris,Nina George,4.8,1196,Nhà Xuất Bản Hà Nội,Bìa mềm,452,['sach-van-hoc']
414,Xứ Cát,Frank Herbert,4.7,1285,Nhà Xuất Bản Hội Nhà Văn,Bìa mềm,714,['sach-van-hoc']
415,Điều Kỳ Diệu Của Tiệm Tạp Hóa NAMIYA (Tái Bản),Higashino Keigo,4.9,4665,Nhà Xuất Bản Hội Nhà Văn,Bìa mềm,358,['sach-van-hoc']
416,Hiểu Về Trump,Newt Gingrich,5.0,1,Nhà Xuất Bản Công Thương,Bìa mềm,184,['sach-van-hoc']
417,Một Thoáng Ta Rực Rỡ Ở Nhân Gian,Ocean Vuong,4.7,13,Nhà Xuất Bản Hội Nhà Văn,Bìa mềm,304,['sach-van-hoc']
418,Những Ngã Tư Và Những Cột Đèn,Trần Dần,5.0,1,Nhà Xuất Bản Hội Nhà Văn,Bìa mềm,650,['sach-van-hoc']
419,Nhà Giả Kim (Tái Bản 2020),Paulo Coelho,4.9,5877,Nhà Xuất Bản Hà Nội,Bìa mềm,228,['sach-van-hoc']
420,Đại Dương Đen - Những Câu Chuyện Từ Thế Giới Của Trầm Cảm,Đặng Hoàng Giang,4.9,2366,Nhà Xuất Bản Hội Nhà Văn,Bìa mềm,322,['sach-van-hoc']
421,Xa Ngoài Kia Nơi Loài Tôm Hát - Where The Crawdads Sing,Delia Owens,4.9,646,NXB Trẻ,Bìa mềm,508,['sach-van-hoc']
422,Ngày Hôm Nay Cũng Không Quá Tệ,Gu Gyung-Seon,5.0,3,Nhà Xuất Bản Thanh Hóa,Bìa mềm,272,['sach-van-hoc']
423,Thư Viện Nửa Đêm,Matt Haig,5.0,2,Nhà Xuất Bản Hội Nhà Văn,Bìa mềm,424,['sach-van-hoc']
424,Công Chúa Ma Cà Rồng Quyền Năng Chỉ Muốn Có Một Người Em Gái Mà Thôi,Hiironoame,5.0,145,Nhà Xuất Bản Phụ Nữ,Bìa mềm,480,['sach-van-hoc']
425,Trường An Ly Ca - Tập 3 : Cao Sơn Lưu Thủy,,5.0,1,Nhà Xuất Bản Hà Nội,,,['sach-van-hoc']
426,Yêu Những Điều Không Hoàn Hảo,Hae Min,4.9,3929,Nhà Xuất Bản Thế Giới,Bìa mềm,300,['sach-van-hoc']
427,Tôi Nói Gì Khi Nói Về Chạy Bộ,Haruki Murakami,4.9,528,Nhà Xuất Bản Hội Nhà Văn,Bìa mềm,235,['sach-van-hoc']
428,Hai Số Phận (Bìa Cứng) - Tặng Bookmark Happy Life,Jeffrey Archer,4.9,517,Nhà Xuất Bản Văn Học,Bìa cứng,,['sach-van-hoc']
429,Hội Chứng E,Franck Thilliez,4.7,372,Nhà Xuất Bản Hội Nhà Văn,Bìa mềm,484,['sach-van-hoc']
430,Một chỗ trong đời,Annie Ernaux,4.9,124,Nhà Xuất Bản Hội Nhà Văn,Bìa mềm,98,['sach-van-hoc']
431,Một người phụ nữ (Nobel Prize in Literature 2022),Annie Ernaux,4.8,28,Nhà Xuất Bản Phụ Nữ,Bìa mềm,109,['sach-van-hoc']
432,Nỗi nhục (Nobel Prize in Literature 2022),Annie Ernaux,4.7,25,Nhà Xuất Bản Phụ Nữ,Bìa mềm,109,['sach-van-hoc']
433,Phía Sau Nghi Can X (Tái Bản 2019),Higashino Keigo,4.8,3485,Nhà Xuất Bản Hội Nhà Văn,Bìa mềm,396,['sach-van-hoc']
434,Thư Viện Nửa Đêm,Matt Haig,4.9,1866,Nhà Xuất Bản Hội Nhà Văn,Bìa mềm,424,['sach-van-hoc']
435,Xứ Cát,Frank Herbert,4.7,1273,Nhà Xuất Bản Hội Nhà Văn,Bìa mềm,714,['sach-van-hoc']
436,"Bộ sách Từ Bạn Đời Đến Bạn Đạo: Yêu Trong Tỉnh Thức, Kiến Tạo Gia Đình Hạnh Phúc - Tuệ An",Tuệ An,4.8,124,Nhà Xuất Bản Hồng Đức,Bìa mềm,,['tam-ly-gioi-tinh']
437,Trí Thông Minh Trên Giường,Esther Perel,4.6,8,Nhà Xuất Bản Thanh Niên,Bìa mềm,484,['tam-ly-gioi-tinh']
438,Yêu Trong Tỉnh Thức - Từ Bạn Đời Đến Bạn Đạo Tập 1,Tuệ An,4.9,139,Nhà Xuất Bản Hồng Đức,Bìa mềm,237,['tam-ly-gioi-tinh']
439,Sách - Bình Yên Trong Bão Tố,Tuệ An,4.7,59,Nhà Xuất Bản Hồng Đức,Bìa cứng,268,['tam-ly-gioi-tinh']
440,Kiến Tạo Gia Đình Hạnh Phúc - Từ Bạn Đời Đến Bạn Đạo Tập 2,Tuệ An,4.8,29,Nhà Xuất Bản Hồng Đức,Bìa mềm,234,['tam-ly-gioi-tinh']
441,Thuế Và Kế Toán Thuế 2022 - Áp Dụng Cho Các Doanh nghiệp Việt Nam_KT,,5.0,1,Nhà Xuất Bản Tài Chính,Bìa mềm,,['thue']
442,Lý thuyết - Thực hành - Giải pháp Kế toán & Thuế trong doanh nghiệp nhỏ và vừa (14),,0.0,0,Nhà Xuất Bản Tài Chính,,,['thue']
443,QUYẾT TOÁN THUẾ - Lý thuyết và thực tế,Đặng Phước Đức,4.4,15,Nhà Xuất Bản Tài Chính,Bìa mềm,218,['thue']
444,"Chính Sách Thuế - Luật Quản Lý Thuế & Các Quy Định Pháp Luật Mới Nhất Về Thuế Giá Trị Gia Tăng, Thuế Thu Nhập Doanh Nghiệp, Thuế Thu Nhập Cá Nhân","Hữu Đại,",4.2,5,Nhà Xuất Bản Tài Chính,Bìa mềm,392,['thue']
445,Sách Quy Trình Hoàn Thuế và Hướng Dẫn Giải Quyết Bồi Thường Nhà Nước Tại Cơ Quan Thuế Các Cấp - V2249T,Tăng Bình,0.0,0,Nhà Xuất Bản Hồng Đức,Bìa mềm,396,['thue']
446,Thuế (Ths. Khúc Đình Nam - ThS. Nguyễn Thị Bình Minh),,0.0,0,Nhà Xuất Bản Tài Chính,Bìa mềm,392,['thue']
447,SÁCH HƯỚNG DẪN THUẾ NHÀ THẦU NƯỚC NGOÀI,Christian Stang,0.0,0,Nhà Xuất Bản Tài Chính,Bìa mềm,154,['thue']
448,Sách Chính Sách Thuế - Quy Định Chi Tiết Thi Hành Một Số Điều Của Luật Quản Lý Thuế - V2193D,Bộ Tài Chính,5.0,1,Nhà Xuất Bản Tài Chính,Bìa mềm,384,['thue']
449,"BỘ 3 CUỐN SÁCH THUẾ CHUYÊN SÂU: BÍ MẬT GIAO DỊCH LIÊN KẾT, HƯỚNG DẪN THUẾ TNCN & THUẾ NHÀ THẦU",,0.0,0,Nhà Xuất Bản Tài Chính,,,['thue']
450,Thuế Và Ra Quyết Định Tài Chính - KT,,0.0,0,Nhà Xuất Bản Tài Chính,Bìa mềm,233,['thue']
451,"Báo Cáo Tài Chính - Lập, Phân Tích Và Quản Trị Rủi Ro Về Thuế (14)",,0.0,0,Nhà Xuất Bản Tài Chính,,,['thue']
452,Thuế TAX 2021 - Biểu Thuế Xuất Khẩu - Nhập Khẩu Và Thuế GTGT Hàng Nhập Khẩu (Song Ngữ Anh - Việt),Nguyễn Viết Hùng,0.0,0,Nhà Xuất Bản Tổng hợp TP.HCM,,,['thue']
453,"Hướng dẫn thực hiện các quy định về Kê khai, Hoàn, Bù trừ tiền thuế - Các doanh nghiệp cần biết",,0.0,0,Nhà Xuất Bản Tài Chính,Bìa gập,272,['thue']
454,Chính Sách Thuế - Quy định chi tiết thi hành một số điều của Luật Quản Lý Thuế,Bộ Tài Chính,0.0,0,Nhà Xuất Bản Tài Chính,Bìa mềm,382,['thue']
455,SÁCH HƯỚNG DẪN THUẾ THU NHẬP CÁ NHÂN,,5.0,1,Nhà Xuất Bản Tài Chính,,225,['thue']
456,"Sách Hướng Dẫn Chi Tiết Thực Hiện Việc Đăng Ký Thuế, Khai Thuế, Tính Thuế, Ấn Định Thuế, Nộp Thuế, Sử Dụng Hóa Đơn, Chứng Từ Điện Tử - V2053T",Tăng Bình - Ái Phương,5.0,1,Nhà Xuất Bản Tài Chính,Bìa mềm,400,['thue']
457,Tổng Hợp Thuế Suất Thuế Xuất Khẩu - Nhập Khẩu 2022,Nguyên Châu,4.4,9,Nhà Xuất Bản Tài Chính,Bìa mềm,1350,['thue']
458,THUẾ,,0.0,0,Nhà Xuất Bản Tài Chính,Bìa mềm,396,['thue']
459,"Sổ Tay Nghiệp Vụ Thuế - Quy Trình Thanh Tra, Kiểm Tra, Hoàn Thuế, Phí, Lệ Phí",Bích Phương,0.0,0,Nhà Xuất Bản Tài Chính,Bìa mềm,399,['thue']
460,Sách - Giải Đáp Các Tình Huống Thường Gặp Khi Thực Hiện Hóa Đơn Điện Tử và Chính Sách Thuế,Tổng cục Thuế - Tạp chí Thuế Nhà nước,0.0,0,Nhà Xuất Bản Tài Chính,Bìa mềm,524,['thue']
461,Sách Tổng Hợp Thuế Suất Thuế Xuất Khẩu - Nhập Khẩu 2022 Song Ngữ Việt Anh,Nguyên Châu,5.0,1,Nhà Xuất Bản Tài Chính,Bìa mềm,1350,['thue']
462,"Hướng Dẫn Thực Hiện Các Quy Định Về Kê Khai, Hoàn, Bù Trừ Tiền Thuế Các Doanh Nghiệp Cần Biết",Lương Đức Cường,0.0,0,Nhà Xuất Bản Tài Chính,,,['thue']
463,COMBO 2 CUỐN “BÍ MẬT GIAO DỊCH LIÊN KẾT & HƯỚNG DẪN THUẾ NHÀ THẦU NƯỚC NGOÀI”,,0.0,0,Nhà Xuất Bản Tài Chính,Bìa mềm,,['thue']
464,"Blockchain: Bản Chất Của Blockchain, Bitcoin, Tiền Điện Tử, Hợp Đồng Thông Minh Và Tương Lai Của Tiền Tệ",Mark Gates,4.8,10,Nhà Xuất Bản Lao Động,Bìa mềm,288,['tien-ky-thuat-so']
465,Mastering Bitcoin - Bitcoin Thực Hành: Những Khái Niệm Cơ Bản Và Cách Sử Dụng Đúng Đồng Tiền Mã Hóa,Andreas M. Antonopoulos,4.6,86,Nhà Xuất Bản Đại Học Kinh Tế Quốc Dân,Bìa mềm,540,['tien-ky-thuat-so']
466,"COMBO BLOCKCHAIN: (BẢN CHẤT CỦA BLOCKCHAIN, BITCOIN, TIỀN ĐIỆN TỬ, HỢP ĐỒNG THÔNG MINH VÀ TƯƠNG LAI CỦA TIỀN TỆ + BITCOIN – BONG BÓNG TÀI CHÍNH HAY TƯƠNG LAI CỦA TIỀN TỆ)",,0.0,0,NXB Đại học Kinh Tế Quốc Dân,,,['tien-ky-thuat-so']
467,Combo 4 Cuốn: Xu Hướng Bitcoin Và Tương Lai Tiền Tệ,Nhiều tác giả,5.0,7,Nhiều Nhà Xuất Bản,Bìa mềm,250,['tien-ky-thuat-so']
468,Combo sách kiến thức về tài chính số: Bitcoin - Bong bóng tài chính hay tương lai TT + Thế giới ảo tạo dòng tiền thật,,0.0,0,Nhiều Nhà Xuất Bản,,,['tien-ky-thuat-so']
469,Combo 2 cuốn sách: Những Đế Chế Công Nghệ  + Phù Thủy Sàn Chứng Khoán,,0.0,0,Nhà Xuất Bản Tổng hợp TP.HCM,,,['tien-ky-thuat-so']
470,NFT – CUỘC CÁCH MẠNG CÔNG NGHỆ TIẾP NỐI BLOCKCHAIN VÀ KỶ NGUYÊN TIỀN ĐIỆN TỬ,,0.0,0,Nhà Xuất Bản Công Thương,,,['tien-ky-thuat-so']
471,"Blockchain: Bản Chất Của Blockchain, Tiền Điện Tử, Hợp Đồng Thông Minh Và Tương Lai Của Tiền Tệ - Bản Quyền",,5.0,1,Nhà Xuất Bản Lao Động,Bìa mềm,,['tien-ky-thuat-so']
472,Cuộc Cách Mạng Blockchain,,0.0,0,oem,,,['tien-ky-thuat-so']
473,Combo sách đầu tư trong kỷ nguyên mới: Blockchain Cơ hội hay bong bong - Chiến lược ICO thành công + Thoát Bẫy Tâm Lý Giao Dịch Trong Chứng Khoán - Gồng Lời Không Gồng Lỗ,,5.0,1,Nhà Xuất Bản Lao Động,,,['tien-ky-thuat-so']
474,"Combo BITCOIN - Bong Bóng Tài Chính Hay Tương Lai Của Tiền Tệ+The Bitcoin Standard - Quá Khứ Biến Động, Hiện Tại Bùng Nổ, Tương Lai Đột Phá",,5.0,1,Nhiều Nhà Xuất Bản,,,['tien-ky-thuat-so']
475,Combo Sách Kinh Tế Bán Chạy: Blockchain – Khởi Nguồn Cho Một Nền Kinh Tế Mới + Khi Nào Cướp Nhà Băng (Top Sách Kinh Tế Học Độc Đáo Và Hài Hước / Tặng Kèm Bookmark Happy Life),"Melanie Swan,",0.0,0,,Bìa mềm,,['tien-ky-thuat-so']
476,"Combo Kỷ Nguyên Tiền Điện Tử - Blockchain - Bản Chất Của Blockchain, Bitcoin, Tiền Điện Tử, Hợp Đồng Thông Minh Và Tương Lai Của Tiền Tệ (Bộ 2 Cuốn)",".,",0.0,0,,,,['tien-ky-thuat-so']
477,Sách  Combo 2 cuốn Kỷ nguyên tiền điện tử + The Bitcoin Standard,,0.0,0,Nhà Xuất Bản Dân Trí,,,['tien-ky-thuat-so']
478,NFT – Cuộc Cách Mạng Công Nghệ Tiếp Nối Blockchain Và Kỷ Nguyên Tiền Điện Tử,Marc Beckman,4.7,95,Nhà Xuất Bản Công Thương,Bìa mềm,296,['tien-ky-thuat-so']
479,NFT - Cuộc Cách Mạng Công Nghệ Tiếp Nối Blockchain Và Kỷ Nguyên Tiền Điện Tử - Marc Beckman,Marc Beckman,4.8,4,Nhà Xuất Bản Công Thương,Bìa mềm,296,['tien-ky-thuat-so']
480,BITCOIN - Bong Bóng Tài Chính Hay Tương Lai Của Tiền Tệ,Mark Gates,4.7,65,Nhà Xuất Bản Đại Học Kinh Tế Quốc Dân,Bìa mềm,276,['tien-ky-thuat-so']
481,Combo Internet Của Tiền Tệ + Digital Gold - Rủ Nhau Lên Mạng Đào Vàng + Cuộc Cách Mạng Blockchain + Blockchain – Khởi Nguồn Cho Một Nền Kinh Tế Mới + Bitcoin Thực Hành: Những Khái Niệm Cơ Bản Và Cách Sử Dụng Đúng Đồng Tiền Mã Hóa,nhieu tac gia,0.0,0,Nhiều Nhà Xuất Bản,Bìa mềm,1878,['tien-ky-thuat-so']
482,Combo Blockchain – Khởi Nguồn Cho Một Nền Kinh Tế Mới + Bitcoin Thực Hành: Những Khái Niệm Cơ Bản Và Cách Sử Dụng Đúng Đồng Tiền Mã Hóa,nhieu tac gia,0.0,0,Nhiều Nhà Xuất Bản,Bìa mềm,768,['tien-ky-thuat-so']
483,"Combo Kỷ Nguyên Tiền Điện Tử + The Truth Machine - Blockchain Và Tương Lai Của Tiền Tệ + Blockchain - Bản Chất Của Blockchain, Bitcoin, Tiền Điện Tử, Hợp Đồng Thông Minh Và Tương Lai Của Tiền Tệ","Paul Vigna,",0.0,0,,,,['tien-ky-thuat-so']
484,Trạm Đọc Official |  Phù Thủy Sàn Chứng Khoán,Jack. D. Schwager,4.0,1,Nhà Xuất Bản Lao Động Xã Hội,Bìa mềm,436,['tien-ky-thuat-so']
485,Combo Sách Công Nghệ 4.0 : Cuộc Cách Mạng Blockchain + Cuộc Cách Mạng Nền Tảng,.,0.0,0,Nhà Xuất Bản Công Thương,Bìa mềm,,['tien-ky-thuat-so']
486,Combo Công Nghệ - Chuyển Đổi Số: Metaverse: Vũ Trụ Ảo Và Cuộc Cách Mạng Hoá Vạn Vật + Cuộc Cách Mạng Blockchain + Digital Transformation - Chuyển Đổi Số,,0.0,0,Nhà Xuất Bản Thông Tin Và Truyền Thông,Bìa mềm,,['tien-ky-thuat-so']
487,Combo 2 cuốn Kỷ nguyên tiền điện tử + The Bitcoin Standard,,0.0,0,Nhiều Nhà Xuất Bản,Bìa mềm,,['tien-ky-thuat-so']
488,Bộ Mặt Thật Của Tiền Điện Tử,Ric Edelman,0.0,0,Nhà Xuất Bản Dân Trí,Bìa mềm,496,['tien-ky-thuat-so']
489,"Combo 2Q Sách Tài Chính, Tiền Tệ : NFT – Cuộc Cách Mạng Công Nghệ Tiếp Nối Blockchain Và Kỷ Nguyên Tiền Điện Tử + Metaverse -  Cuộc Cách Mạng Tiếp Nối Blockchain , NFT Và Tiền Điện Tử",,0.0,0,Nhiều Nhà Xuất Bản,,,['tien-ky-thuat-so']
490,Sách - NFT - Cuộc cách mạng công nghệ nối tiếp Blockchain và Kỷ nguyên tiền điện tử - 1980BOOKS,,4.9,53,Nhà Xuất Bản Công Thương,Bìa mềm,296,['tien-ky-thuat-so']
491,Blockchain – Khởi Nguồn Cho Một Nền Kinh Tế Mới,Melanie Swan,4.7,97,Nhà Xuất Bản Đại Học Kinh Tế Quốc Dân,Bìa mềm,228,['tien-ky-thuat-so']
492,TRỌN BỘ 6 CUỐN SÁCH VỀ BLOCKCHAIN VÀ BITCOIN + CUỘC CÁCH MẠNG CÔNG NGHỆ TIẾP NỐI BLOCKCHAIN VÀ KỶ NGUYÊN TIỀN ĐIỆN TỬ,,3.0,1,Nhiều Nhà Xuất Bản,,,['tien-ky-thuat-so']
493,HÀNH TRÌNH TRIỆU ĐÔ CRYPTO: “Vỡ lòng” về tiền điện tử – Freeman Publication – Quế Chi dịch – Bizbooks – NXB Hồng Đức (Bìa mềm),,4.8,4,Nhà Xuất Bản Hồng Đức,Bìa mềm,200,['tien-ky-thuat-so']
494,Vén Màn Những Bê Bối Crypto,Erica Stanford,0.0,0,Nhà Xuất Bản Phụ Nữ Việt Nam,,,['tien-ky-thuat-so']
495,Combo 2 cuốn Blockchain + The Bitcoin Standard - 1980Books,,0.0,0,Nhiều Nhà Xuất Bản,Bìa mềm,,['tien-ky-thuat-so']
496,"Sách - Blockchain: Bản Chất Của Blockchain, Bitcoin, Tiền Điện Tử, Hợp Đồng Thông Minh Và Tương Lai Của Tiền Tệ",Mark Gates,0.0,0,Nhà Xuất Bản Lao Động,,,['tien-ky-thuat-so']
497,Vượt Xa Kỹ Thuật Số,"Paul Leinwand,",0.0,0,Nhà Xuất Bản Tổng hợp TP.HCM,Bìa mềm,316,['tien-ky-thuat-so']
498,Trạm Đọc Official | Mastering Bitcoin - Bitcoin Thực Hành : Những Khái Niệm Cơ Bản Và Cách Sử Dụng Đúng Đồng Tiền Mã Hóa,Andreas M. Antonopoulos,4.8,6,Nhà Xuất Bản Đại Học Kinh Tế Quốc Dân,Bìa mềm,540,['tien-ky-thuat-so']
499,"Combo Blockchain: Bản Chất Của Blockchain, Bitcoin, Tiền Điện Tử, Hợp Đồng Thông Minh Và Tương Lai Của Tiền Tệ + Blockchain - Cơ Hội Hay Bong Bóng - Chiến Lược ICO Thành Công (Bộ 2 Cuốn)",Mark Gates,0.0,0,Nhà Xuất Bản Lao Động,Bìa mềm,,['tien-ky-thuat-so']
500,"The Bitcoin Standard - Quá Khứ Biến Động, Hiện Tại Bùng Nổ, Tương Lai Đột Phá",Saifedean Ammous,5.0,3,Nhà Xuất Bản Công Thương,,,['tien-ky-thuat-so']
501,"Combo Sách Kinh Tế: Bản Chất Của Blockchain, Bitcoin, Tiền Điện Tử, Hợp Đồng Thông Minh Và Tương Lai Của Tiền Tệ+Chiến Tranh Tiền tệ Tập 4 _Siêu Cường Tài Chính_ Tham Vọng Về Đồng Tiền Chung Châu Á",,0.0,0,Nhiều Nhà Xuất Bản,,,['tien-ky-thuat-so']
502,I Can My classroom - sách học tiếng Anh cho trẻ mầm non,"Lương Thị Diễm Hồng,",5.0,9,Nhà Xuất Bản Văn Học,Bìa mềm,36,['tieng-anh-thieu-nhi']
503,"BỘ SÁCH HƯỚNG DẪN HỌC TIẾNG ANH CHO TRẺ - I CAN (kèm link nghe giọng thầy bản ngữ, gồm 8 cuốn theo các chủ đề)",Lương Thị Diễm Hồng,5.0,1,Nhà Xuất Bản Văn Học,Bìa mềm,36,['tieng-anh-thieu-nhi']
504,I-Start (For Revised Exam From 2018 - Pre A1 Starters Exam And 2 Complete Practice Tests) (Kèm file MP3),"Andrew Betsis,",4.9,8,,Bìa mềm,108,['tieng-anh-thieu-nhi']
505,My Fourth Diary - Tái Bản 2021,,5.0,1,oem,,,['tieng-anh-thieu-nhi']
506,I’m Big Now ! Tớ Đã Lớn - Dành Cho Em Bé Lớn (3-10 Tuổi) - Song Ngữ Anh-Việt,,0.0,0,Nhà Xuất Bản Phụ Nữ,Bìa mềm,32,['tieng-anh-thieu-nhi']
507,Tiếng Anh 3 I-Learn Smart Start - Student's Book,Nhiều tác giả,5.0,2,Nhà Xuất Bản Đại Học Sư Phạm TPHCM,,,['tieng-anh-thieu-nhi']
508,Từ Điển Tiếng Anh Bằng Hình,Collins,4.7,18,Nhà Xuất Bản Dân Trí,Bìa mềm,264,['tieng-anh-thieu-nhi']
509,Những Mẩu Chuyện Tiếng Anh Dành Cho Trẻ Em (Tập 2) (Không Kèm Băng Cassette),Nguyễn Thành Yến,4.7,6,Nhà Xuất Bản Tp.HCM,Bìa mềm,188,['tieng-anh-thieu-nhi']
510,I Can My Family - sách học tiếng Anh cho trẻ mầm non,"Lương Thị Diễm Hồng,",5.0,6,Nhà Xuất Bản Văn Học,Bìa mềm,36,['tieng-anh-thieu-nhi']
511,Level 5: Cuốn Sách Lớn Về Từ Vựng Tiếng Anh - Big Book Of English Words,Mairi Mackinnon,5.0,3,Nhà Xuất Bản Phụ Nữ,Bìa mềm,,['tieng-anh-thieu-nhi']
512,Combo 2 cuốn Anh ngữ dễ dàng: My First 2000 English Words - English Primer,,5.0,15,Nhà Xuất Bản Hà Nội,Bìa mềm,,['tieng-anh-thieu-nhi']
513,Combo 7 cuốn song ngữ Julia Cook tặng kèm sổ tay giáo dục gia đình Nhật Bản,Julia Cook,5.0,2,Nhà Xuất Bản Phụ Nữ,Bìa mềm,750,['tieng-anh-thieu-nhi']
514,To Understand English Lớp 2 + 1 CD,Joanna Le May,0.0,0,,Bìa mềm,32,['tieng-anh-thieu-nhi']
515,Tiểu thuyết thiếu nhiên tiếng Anh: Harry Potter and the Philosopher's Stone - Illustrated Paperback (Jim Kay),JKRowling,5.0,2,Bloomsbury Publishing,Bìa mềm,256,['tieng-anh-thieu-nhi']
516,Học Tiếng Anh Siêu Thú Vị : Sách Luyện - Tập 6,Sasbadi Group,4.8,9,Nhà Xuất Bản Thế Giới,Bìa mềm,30,['tieng-anh-thieu-nhi']
517,Giỏi Tiếng Anh - Vui Ứng Xử - Greetings,,5.0,1,,Bìa mềm,24,['tieng-anh-thieu-nhi']
518,Truyện đọc thiếu nhi tiếng Anh: Coraline,Neil Gaiman,5.0,1,Bloomsbury Publishing PLC,Paperback,208,['tieng-anh-thieu-nhi']
519,Bé khởi đầu học Tiếng Anh - English Primer (Dành cho bé 4-6 tuổi | For pre-schoolers),,4.8,26,Nhà Xuất Bản Hà Nội,Bìa mềm,60,['tieng-anh-thieu-nhi']
520,Em Học Giỏi Tiếng Anh Lớp 10 - Tập 2 (Kèm CD hoặc Links tải MP3),"Đại Lợi,",0.0,0,Nhà Xuất Bản Đại Học Quốc Gia Hà Nội,Bìa mềm,188,['tieng-anh-thieu-nhi']
521,Hidden Pictures - Học Tiếng Anh Qua Hình Vẽ 101: Trái Tim,Hương Thảo,4.9,10,Nhà Xuất Bản Đà Nẵng,Bìa mềm,152,['tieng-anh-thieu-nhi']
522,Giỏi Tiếng Anh - Vui Ứng Xử - Sorry,,0.0,0,,Bìa mềm,24,['tieng-anh-thieu-nhi']
523,Học Tự Vựng Tiếng Anh Qua Hình Và Ví Dụ Minh Họa,Langenscheidt,5.0,9,Nhà Xuất Bản Tổng hợp TP.HCM,Bìa mềm,304,['tieng-anh-thieu-nhi']
524,Học Tiếng Anh Siêu Thú Vị: Sách Học 4,Sasbadi Group,4.5,6,Nhà Xuất Bản Thế Giới,Bìa mềm,30,['tieng-anh-thieu-nhi']
525,Highlight - Học Tiếng Anh Qua Hình Vẽ - 101 Trái Tim,,0.0,0,Nhà Xuất Bản Đà Nẵng,,,['tieng-anh-thieu-nhi']
526,I Can: Food And Drink,"Lương Thị Diễm Hồng,",5.0,15,Nhà Xuất Bản Văn Học,Bìa mềm,36,['tieng-anh-thieu-nhi']
527,Hidden Pictures – Học Tiếng Anh Qua Hình Vẽ 101 Trái Chuối,Hương Thảo,4.8,11,Nhà Xuất Bản Đà Nẵng,Bìa mềm,152,['tieng-anh-thieu-nhi']
528,Vở Tập Viết Tiếng Anh Cho Bé - Tập 1,Huyền Linh,0.0,0,Nhà Xuất Bản Hồng Đức,,,['tieng-anh-thieu-nhi']
529,"Bộ Sách Steam English: Khoa Học, Công Nghệ, Kỹ Thuật, Nghệ Thuật, Toán Học, Vật Lý (Bộ 6 Cuốn)",Dori Roberts Stewart,0.0,0,Nhà Xuất Bản Dân Trí,,,['tieng-anh-thieu-nhi']
530,Kĩ Năng Cho Bé Trong Giao Tiếp Hàng Ngày: Biết Cảm Ơn Khi Nhận (Tái Bản),Yên Bình - Điển Dũng,0.0,0,Nhà Xuất Bản Văn Học,Bìa mềm,28,['tieng-anh-thieu-nhi']
531,"Rèn Luyện Thói Quen Tốt 2-6 Tuổi: Đừng Chỉ Biết Ỷ Lại, Khỉ Nâu (Song Ngữ)",Khánh Tuệ - Ngọc Anh. Minh họa: Phạm Thùy Như,5.0,6,Nhà Xuất Bản Văn Học,Bìa mềm,28,['tieng-anh-thieu-nhi']
532,Hidden Pictures – Học Tiếng Anh Qua Hình Vẽ 101 Chiếc Tất,Hương Thảo,4.9,7,Nhà Xuất Bản Đà Nẵng,Bìa mềm,152,['tieng-anh-thieu-nhi']
533,Rèn Luyện Thói Quen Tốt 2-6 Tuổi: Đừng Bắt Người Khác “Chờ Một Tí” (Song Ngữ),Khánh Tuệ - Ngọc Anh. Minh họa: Phạm Thùy Như,5.0,3,Nhà Xuất Bản Văn Học,Bìa mềm,28,['tieng-anh-thieu-nhi']
534,Những Bài Thơ Tiếng Anh Dành Cho Trẻ Em (Tập 2) (Không Kèm Băng Cassette),Nguyễn Thành Yến,4.7,9,Nhà Xuất Bản Tổng hợp TP.HCM,Bìa mềm,192,['tieng-anh-thieu-nhi']
535,I Can Colors - sách học tiếng Anh cho trẻ mầm non,"Lương Thị Diễm Hồng,",5.0,8,Nhà Xuất Bản Thanh Niên,Bìa mềm,36,['tieng-anh-thieu-nhi']
536,Hidden Pictures - Học Tiếng Anh Qua Hình Vẽ 101: Bàn Chải,Hương Thảo,4.9,7,Nhà Xuất Bản Đà Nẵng,Bìa mềm,152,['tieng-anh-thieu-nhi']
537,Em Học Giỏi Tiếng Anh Lớp 5 Tập 1 (Tái Bản 2020),.,0.0,0,Nhà Xuất Bản Đại Học Quốc Gia Hà Nội,Bìa cứng,184,['tieng-anh-thieu-nhi']
538,Combo Con Số Ngộ Nghĩnh và Màu Sắc Đậm Đà,Lizzy Doyle,5.0,3,Nhà Xuất Bản Thanh Niên,Bìa mềm,24,['tieng-anh-thieu-nhi']
539,Sổ Tay Học Tiếng Anh Bằng Hình Ảnh,PONS,5.0,2,,,208,['tieng-anh-thieu-nhi']
540,To Understand English Lớp 5 + 1 CD,Joanna Le May,0.0,0,Nhà Xuất Bản Tổng hợp TP.HCM,Bìa mềm,48,['tieng-anh-thieu-nhi']
541,Bé chinh phục 2000 từ vựng tiếng Anh - My First 2000 English words,,4.8,293,Nhà Xuất Bản Hà Nội,Bìa mềm,120,['tieng-anh-thieu-nhi']
542,Hỏa Ngục,Dan Brown,4.7,297,Nhà Xuất Bản Lao Động,Bìa cứng,688,['trinh-tham']
543,Bạch Dạ Hành (Tái Bản),Higashino Keigo,4.8,1125,Nhà Xuất Bản Hội Nhà Văn,Bìa mềm,628,['trinh-tham']
544,COMBO 5 cuốn sách của tác giả Lôi Mễ:: đề thi đẫm máu + Cuồng vọng phi nhân tính + Sông ngầm + Ánh sáng thành phố + Tâm nguyện cuối cùng,,3.0,2,Nhà Xuất Bản Văn Học,,,['trinh-tham']
545,Nhà Ảo Thuật Đen Và Vụ Án Mạng Tại Thị Trấn Không Tên,Higashino Keigo,4.8,553,Nhà Xuất Bản Hà Nội,Bìa mềm,440,['trinh-tham']
546,Vụ Án Mạng Ở Nhà Khách Núi Hakuba,Higashino Keigo,4.8,800,Nhà Xuất Bản Hà Nội,Bìa mềm,336,['trinh-tham']
547,Thiếu Nữ (Shoujo),Minato Kanae,4.9,51,Nhà Xuất Bản Hà Nội,Bìa mềm,324,['trinh-tham']
548,Series Địch Công Kỳ Án Tập 15 - Hoa Văn Cây Liễu,Robert Van Gulik,4.8,40,Nhà Xuất Bản Văn Học,Bìa mềm,240,['trinh-tham']
549,Sau Tang Lễ,Agatha Christie,4.9,83,NXB Trẻ,Bìa mềm,368,['trinh-tham']
550,Tiểu thuyết trinh thám - Arsène Lupin - Siêu Trộm Hào Hoa - Boxset (trọn bộ 5 cuốn),.,4.2,10,Nhà Xuất Bản Văn Học,Bìa mềm,1800,['trinh-tham']
551,Giây Thứ 12 - Tập 2 (Trinh Thám),Sunness,4.8,30,Nhà Xuất Bản Văn Học,Bìa mềm,464,['trinh-tham']
552,Chuyện Kỳ Lạ Ở Tiệm Sách Cũ Tanabe,Miyabe Miyuki,4.9,16,Nhà Xuất Bản Thanh Niên,Bìa mềm,360,['trinh-tham']
553,Trường An Ly Ca 2 - Vén Mây Thấy Trời,Úc Phức,4.8,80,Nhà Xuất Bản Hà Nội,Bìa mềm,456,['trinh-tham']
554,Ảo Dạ (Tái Bản),Higashino Keigo,5.0,18,Nhà Xuất Bản Hà Nội,Bìa mềm,584,['trinh-tham']
555,Kẻ Nhắc Tuồng (Tái Bản),Donato Carrisi,4.9,157,Nhà Xuất Bản Phụ Nữ Việt Nam,Bìa mềm,516,['trinh-tham']
556,Series Địch Công Kỳ Án Tập 13 - Địch Gia Bát Án,Robert Van Gulik,4.7,43,Nhà Xuất Bản Văn Học,Bìa mềm,372,['trinh-tham']
557,Bãi săn người - Trinh Thám Kinh Dị,,4.8,98,Nhà Xuất Bản Văn Học,Bìa mềm,520,['trinh-tham']
558,Kẻ Lãng Quên - Pháp Y Tần Minh,Pháp Y Tần Minh,4.9,24,Nhà Xuất Bản Văn Học,Bìa mềm,464,['trinh-tham']
559,Bà Tổng Thống Trước Họng Súng - Hai Số Phận - Phần III,Jeffrey Archer,4.8,204,Nhà Xuất Bản Thanh Niên,Bìa cứng,488,['trinh-tham']
560,Hung Khí Hoàn Mỹ,Higashino Keigo,4.7,21,Nhà Xuất Bản Hà Nội,Bìa mềm,300,['trinh-tham']
561,Bóng Ma Trong Nhà Hát,Gaston Leroux,5.0,1,Nhà Xuất Bản Văn Học,,359,['trinh-tham']
562,Bộ Ba Quái Hiệp (Trinh Thám),Edgar Wallace,4.8,101,Nhà Xuất Bản Văn Học,Bìa mềm,420,['trinh-tham']
563,Khách Sạn Mặt Nạ 2 - Đêm Trước Lễ Hội Hóa Trang,Higashino Keigo,4.9,387,Nhà Xuất Bản Hà Nội,Bìa mềm,310,['trinh-tham']
564,Án Mạng Trên Sông Nile (Agatha Christie)(Tái Bản),Agatha Christie,4.9,292,NXB Trẻ,Bìa mềm,336,['trinh-tham']
565,Tội Phạm IQ Thấp,Tử Kim Trần,5.0,10,Nhà Xuất Bản Văn Học,Bìa mềm,552,['trinh-tham']
566,Dưới Cánh Đại Bàng (Bìa Mềm),Hoàng Yến,4.9,76,Nhà Xuất Bản Phụ Nữ,Bìa mềm,392,['trinh-tham']
567,Velma - Trinh Thám Cổ Điển Phương Tây,Raymond Chandler,4.8,140,Nhà Xuất Bản Văn Học,Bìa mềm,376,['trinh-tham']
568,Một Thế Giới Không Có Đàn Bà (Trinh Thám Việt Nam),Bùi Anh Tấn,4.4,14,Nhà Xuất Bản Công An Nhân Dân,Bìa mềm,460,['trinh-tham']
569,Án Mạng Mười Một Chữ,Higashino Keigo,4.8,1343,Nhà Xuất Bản Hà Nội,Bìa mềm,260,['trinh-tham']
570,Combo Trinh Thám Đen: Cô Dâu Đen + Ám Ảnh Đen + Điểm Hẹn Đen + Kết Hôn Với Người Chết,Cornell Woolrich,4.8,69,nxb van hoc,Bìa mềm,,['trinh-tham']
571,Cuốn Truyện Trinh Thám Hấp Dẫn: Di Sản Kinh Hoàng,Lisa Gardner,0.0,0,Nhà Xuất Bản Văn Học,Bìa mềm,,['trinh-tham']
572,Cuộc Diễu Hành Thầm Lặng,Higashino Keigo,4.9,252,Nhà Xuất Bản Hà Nội,Bìa mềm,532,['trinh-tham']
573,Khách Sạn Mặt Nạ 1,Higashino Keigo,4.8,421,Nhà Xuất Bản Hà Nội,Bìa mềm,460,['trinh-tham']
574,Phía Sau Nghi Can X (Tái Bản 2019),Higashino Keigo,4.8,3489,Nhà Xuất Bản Hội Nhà Văn,Bìa mềm,396,['trinh-tham']
575,19 Năm Mưu Sát - Tập 2 (Trinh Thám Trung Quốc),Na Đa,4.7,20,Nhà Xuất Bản Văn Học,Bìa mềm,320,['trinh-tham']
576,Combo Truyện Trinh Thám : Cuồng Vọng Phi Nhân Tính + Sông Ngầm ( Sách Trinh Thám Giúp Luyện Não / Tặng Kèm Bookmark Green Life ),,5.0,8,Nhà Xuất Bản Văn Học,Bìa mềm,467,['trinh-tham']
577,"Sách Người Tìm Xác tập 1+2 - Truyện trinh thám, linh dị",,4.9,156,Nhà Xuất Bản Hà Nội,,1020,['trinh-tham']
578,Combo Trinh Thám Trung Quốc: Phục Thù (2 tập),Hô Diên Vân,4.9,94,Nhà Xuất Bản Văn Học,,,['trinh-tham']
579,Mưu Sát - Tử Kim Trần ( Tái Bản ) - Tặng Kèm Sổ Tay,Tử Kim Trần,5.0,1,Nhà Xuất Bản Văn Học,Bìa mềm,419,['trinh-tham']
580,Series Địch Công Kỳ Án Tập 16 - Quảng Châu Án,Robert Van Gulik,3.9,7,Nhà Xuất Bản Văn Học,Bìa mềm,460,['trinh-tham']
581,Sự Im Lặng Của Bầy Cừu,Thomas Harris,4.6,23,,Bìa mềm,347,['trinh-tham']
582,Trường An Ly Ca 1 – Máu Đỏ Hoa Đào,Úc Phức,4.8,97,Nhà Xuất Bản Hà Nội,Bìa mềm,484,['trinh-tham']
583,combo ánh sáng thành phố + tâm nguyện cuối cùng + độc giả thứ 7,Lôi Mễ,4.7,3,Nhà Xuất Bản Văn Học,Bìa mềm,,['trinh-tham']
584,Hạn Chót Lúc Bình Minh,Cornell Woolrich,3.6,5,Nhà Xuất Bản Văn Học,Bìa mềm,368,['trinh-tham']
585,Combo Sherlock Holmes Toàn Tập (Trọn Bộ 3 Tập),Sir Arthur Conan Doyle,4.7,2074,Nhà Xuất Bản Hội Nhà Văn,Bìa cứng,,['trinh-tham']
586,Vụ Án Mạng Ở Lữ Quán Kairotei,Higashino Keigo,4.8,845,Nhà Xuất Bản Hà Nội,Bìa mềm,292,['trinh-tham']
587,19 Năm Mưu Sát - Tập 1 (Trinh Thám Trung Quốc),Na Đa,4.9,21,Nhà Xuất Bản Văn Học,Bìa mềm,324,['trinh-tham']
588,Người Tuyết,Jo Nesbo,5.0,1,Nhà Xuất Bản Hà Nội,Bìa mềm,520,['trinh-tham']
589,Combo Trinh Thám Giây Thứ 12 (2 Tập),Sunness,4.5,17,Nhà Xuất Bản Văn Học,Bìa mềm,464,['trinh-tham']
590,Vườn Hoa Mạt Dược Ký Sự - Những Kỳ Án Nổi Tiếng Chưa Có Lời Giải (Tặng Kèm 1 Bookmark Chữ Nhật),Hà Mạt Bì,4.8,677,Nhà Xuất Bản Thế Giới,Bìa mềm,400,['trinh-tham']
591,Vọng Lâu Tử Thần,Agatha Christie,5.0,82,NXB Trẻ,Bìa mềm,278,['trinh-tham']
592,Giây Thứ 12 - Tập 1 (Trinh Thám),Sunness,4.9,33,Nhà Xuất Bản Văn Học,Bìa mềm,420,['trinh-tham']
593,Sông Ngầm (Tái Bản),Lôi Mễ,5.0,1,Nhà Xuất Bản Văn Học,Bìa mềm,,['trinh-tham']
594,Vụ Án LEROUGE (Trinh Thám),Émile Gaboriau,4.8,79,Nhà Xuất Bản Văn Học,Bìa mềm,540,['trinh-tham']
595,Mind Map Vocabulary - Học Từ Vựng Tiếng Anh Bằng Sơ Đồ Tư Duy (Kèm file MP3),Language Publishing Editorial,4.7,390,Nhà Xuất Bản Tổng hợp TP.HCM,Bìa mềm,288,['tu-vung-tieng-anh']
596,60 Bài Mẫu IELST Và Bộ Từ Vựng Theo Từng Chủ Điểm - Speaking Band 8.0,"Tú Phạm,",4.6,64,Nhà Xuất Bản Phụ Nữ,Bìa mềm,276,['tu-vung-tieng-anh']
597,Mind Map English Vocabulary -Từ Vựng Tiếng Anh Qua Sơ Đồ Tư Duy - Giải Pháp Học Từ Vựng Hiệu Quả,Hoàng Ngân,5.0,2,Nhà Xuất Bản Hồng Đức,Bìa mềm,260,['tu-vung-tieng-anh']
598,Tự Học 2000 Từ Vựng Tiếng Anh Theo Chủ Đề,The Windy,4.8,527,Nhà Xuất Bản Đại Học Quốc Gia Hà Nội,Bìa mềm,260,['tu-vung-tieng-anh']
599,Nghiền Từ Vựng Tiếng Anh - Học Qua Gốc Từ Bằng Hình Ảnh - Gốc Từ Là Bí Quyết Để Ghi Nhớ Hàng Nghìn Từ Vựng - Quyển 1,"Kenji Shimizu,",4.8,64,Nhà Xuất Bản Hà Nội,Bìa mềm,288,['tu-vung-tieng-anh']
600,DESTINATION B1 - Ngữ pháp và từ vựng tiếng anh tập 1,Nhiều tác giả,5.0,12,Nhà Xuất Bản Đại Học Quốc Gia Hà Nội,Bìa mềm,244,['tu-vung-tieng-anh']
601,Bộ Sách Nghiền Từ Vựng Tiếng Anh - Học Qua Gốc Từ Bằng Hình Ảnh - Gốc Từ Là Bí Quyết Để Ghi Nhớ Hàng Nghìn Từ Vựng (Bộ 2 Quyển),Kenji Shimizu,4.5,2,Nhà Xuất Bản Hà Nội,,,['tu-vung-tieng-anh']
602,Sách Từ Vựng Tiếng Anh : Từ Cùng Trường Nghĩa Trong Tiếng Anh Cô Trang Anh,Trang Anh,4.8,56,Nhà Xuất Bản Hà Nội,Bìa mềm,500,['tu-vung-tieng-anh']
603,4000 Từ Vựng Tiếng Anh Thường Dùng Nhất (Kèm CD Hoặc File MP3),Ian Crews,4.7,66,Nhà Xuất Bản Tổng hợp TP.HCM,Bìa mềm,576,['tu-vung-tieng-anh']
604,Ứng Dụng 6000 Từ Vựng Tiếng Anh Thông Dụng Nhất,The Windy,4.6,11,Nhà Xuất Bản Hồng Đức,Bìa mềm,624,['tu-vung-tieng-anh']
605,Tự Học 2000 Từ Vựng Tiếng Anh Theo Chủ Đề Phiên Bản Khổ Nhỏ Dành Cho Người Học Căn Bản - Học Kèm App Online,The Windy,4.9,36,Nhà Xuất Bản Hồng Đức,Bìa mềm,260,['tu-vung-tieng-anh']
606,Combo Nghiền Từ Vựng Tiếng Anh - Học Qua Gốc Từ Bằng Hình Ảnh (Bộ 2 Quyển),,4.5,6,Nhà Xuất Bản Hà Nội,Bìa mềm,,['tu-vung-tieng-anh']
607,Luyện Viết Và Học Từ Vựng Tiếng Anh Lớp 4 – Theo Chương Trình Family And Friends (Special Edition),"Mai Lan Hương,",4.8,10,Nhà Xuất Bản Đà Nẵng,Bìa mềm,Cuốn,['tu-vung-tieng-anh']
608,Collins English For Work - Hotel & Hospitality English (Kèm 2 CD),Mike Seymour,4.2,32,Nhà Xuất Bản Tổng hợp TP.HCM,Bìa mềm,157,['tu-vung-tieng-anh']
609,Luyện Viết Và Học Từ Vựng Tiếng Anh - Lớp 2 - Theo Chương Trình Family And Friends (Special Edition),"Mai Lan Hương,",4.9,9,Nhà Xuất Bản Đà Nẵng,Bìa mềm,Cuốn,['tu-vung-tieng-anh']
610,600 động từ bất quy tắc trong tiếng anh - TKBooks,,5.0,2,dai hoc quoc gia ha noi,,,['tu-vung-tieng-anh']
611,2200 Từ vựng tiếng Anh thông dụng nhất,The Windy,5.0,1,,Bìa mềm,656,['tu-vung-tieng-anh']
612,30 Chủ Đề Từ Vựng Tiếng Anh (Tập 1),Trang Anh,4.9,1201,Nhà Xuất Bản Đại Học Quốc Gia Hà Nội,,498,['tu-vung-tieng-anh']
613,Combo 2c DESTINATION B1 - Ngữ pháp và từ vựng tiếng anh (t1+t2),,0.0,0,Nhà Xuất Bản Đại Học Quốc Gia Hà Nội,,,['tu-vung-tieng-anh']
614,Combo Mind Map English Grammar – Ngữ pháp tiếng anh bằng sơ đồ tư duy Và Từ Vựng Tiếng Anh Qua Sơ Đồ Tư Duy - Nghe Qua App (NHH),Đỗ Nhung,4.9,34,Nhà Xuất Bản Hồng Đức,Bìa mềm,335,['tu-vung-tieng-anh']
615,DESTINATION B1 - Ngữ pháp và từ vựng tiếng anh tập 2,Nhiều tác giả,5.0,7,Nhà Xuất Bản Đại Học Quốc Gia Hà Nội,Bìa mềm,272,['tu-vung-tieng-anh']
616,Từ Vựng Tiếng Anh Thực Hành (Trình Độ Trung Cấp) - English Collocation In Use (Intermediate),Xuân Lan,4.8,211,Nhà Xuất Bản Thanh Hóa,Bìa mềm,224,['tu-vung-tieng-anh']
617,Combo 2 Cuốn Nghiền Từ Vựng Tiếng Anh: Học Qua Gốc Từ Bằng Hình Ảnh - Gốc Từ Là Bí Quyết Để Ghi Nhớ Hàng Nghìn Từ Vựng,"Kenji Shimizu,",5.0,3,Nhà Xuất Bản Hà Nội,Bìa mềm,608,['tu-vung-tieng-anh']
618,Ứng Dụng Siêu Trí Nhớ 4000 Từ Vựng Tiếng Anh Thông Dụng Nhất,The Windy,0.0,0,Nhà Xuất Bản Hồng Đức,Bìa mềm,468,['tu-vung-tieng-anh']
619,How To Write 4 Types Of Essays - Từng Bước Làm Quen Với Viết Luận Tiếng Anh,Michael A.Putlack,4.8,16,Nhà Xuất Bản Thế Giới,Bìa mềm,164,['tu-vung-tieng-anh']
620,3500 Từ Vựng Tiếng Anh Theo Chủ Đề (Tái Bản Lần 1),Nguyễn Thị Thu Huế,5.0,1,,Bìa mềm,432,['tu-vung-tieng-anh']
621,MM Publications: Sách học tiếng Anh - New Destinations Level B2 a - Workbook (American Edition),nhieu tac gia,0.0,0,MM PUBLICATIONS,Bìa mềm,55,['tu-vung-tieng-anh']
622,Sổ Tay 700 Câu Tiếng Anh - Từ Lúc Thức Giấc Đến Khi Đi Ngủ,"Kiwa Arai,",4.8,70,Nhà Xuất Bản Tổng hợp TP.HCM,Bìa mềm,280,['tu-vung-tieng-anh']
623,3000 Từ Vựng Tiếng Anh Thông Dụng Nhất (Tái Bản),Huyền Windy,5.0,9,Nhà Xuất Bản Đại Học Quốc Gia Hà Nội,Bìa mềm,334,['tu-vung-tieng-anh']
624,Mind Map English Vocabulary -Từ vựng tiếng Anh qua sơ đồ tư duy - TKBooks,,5.0,8,hong duc,,,['tu-vung-tieng-anh']
625,Nghiền Từ Vựng Tiếng Anh - Học Qua Gốc Từ Bằng Hình Ảnh - Gốc Từ Là Bí Quyết Để Ghi Nhớ Hàng Nghìn Từ Vựng - Quyển 2,"Kenji Shimizu,",4.8,35,Nhà Xuất Bản Hà Nội,Bìa mềm,320,['tu-vung-tieng-anh']
626,Mind Map English - Học Tiếng Anh Theo Sơ Đồ Tư Duy (Kèm CD Hoặc File MP3),Proud Poet Editorial Team,4.8,81,Nhà Xuất Bản Tổng hợp TP.HCM,Bìa mềm,496,['tu-vung-tieng-anh']
627,30 Chủ Đề Từ Vựng Tiếng Anh (Tập 2),Trang Anh,4.9,549,Nhà Xuất Bản Đại Học Quốc Gia Hà Nội,,472,['tu-vung-tieng-anh']
628,Mind Map English Vocabulary - Từ Vựng Tiếng Anh Qua Sơ Đồ Tư Duy,Hoàng Ngân,4.9,140,Nhà Xuất Bản Hồng Đức,Bìa mềm,260,['tu-vung-tieng-anh']
629,5000 Từ Vựng Tiếng Anh Thông Dụng Nhất (Tái bản 2020),The Windy,5.0,2,Nhà Xuất Bản Hồng Đức,Bìa mềm,520,['tu-vung-tieng-anh']
630,Perfect English Vocabulary: Tất Tần Tật Về Từ Vựng Tiếng Anh Gen Z,,4.9,11,Nhà Xuất Bản Dân Trí,Bìa mềm,304,['tu-vung-tieng-anh']
631,Sổ Tay Từ Vựng Tiếng Anh - Từ Lúc Thức Giấc Đến Khi Đi Ngủ (Kèm file MP3),"Kiwa Arai,",4.8,51,Nhà Xuất Bản Tổng hợp TP.HCM,Bìa mềm,248,['tu-vung-tieng-anh']
632,Combo 30 Chủ Đề Từ Vựng Tiếng Anh (2 Tập),Trang Anh,4.9,1257,Nhà Xuất Bản Đại Học Quốc Gia Hà Nội,Bìa mềm,500,['tu-vung-tieng-anh']
